metric,timestamp,value
qname=abb.com.,2025-11-22T18:53:34+00:00,408
qname=abb.com.,2025-11-22T18:53:48+00:00,992
qname=abb.com.,2025-11-22T18:54:02+00:00,992
qname=abb.com.,2025-11-22T18:54:16+00:00,992
qname=abb.com.,2025-11-22T18:54:30+00:00,1304
qname=abb.com.,2025-11-22T18:54:44+00:00,1304
qname=abb.com.,2025-11-22T18:54:58+00:00,1304
qname=abb.com.,2025-11-22T18:55:12+00:00,1304
qname=abb.com.,2025-11-22T18:55:26+00:00,1304
qname=abb.com.,2025-11-22T18:55:40+00:00,1304
qname=abb.com.,2025-11-22T18:55:54+00:00,1304
qname=abb.com.,2025-11-22T18:56:08+00:00,1304
qname=abb.com.,2025-11-22T18:56:22+00:00,1304
qname=abb.com.,2025-11-22T18:56:36+00:00,1304
qname=abb.com.,2025-11-22T18:56:50+00:00,1304
qname=abb.com.,2025-11-22T18:57:04+00:00,1452
qname=abb.com.,2025-11-22T18:57:18+00:00,1452
qname=abb.com.,2025-11-22T18:57:32+00:00,1452
qname=abb.com.,2025-11-22T18:57:46+00:00,1452
qname=abb.com.,2025-11-22T18:58:00+00:00,1452
qname=abb.com.,2025-11-22T18:58:14+00:00,1452
qname=abb.com.,2025-11-22T18:58:28+00:00,1452
qname=abb.com.,2025-11-22T18:58:42+00:00,460
qname=abb.com.,2025-11-22T18:58:56+00:00,460
qname=abb.com.,2025-11-22T18:59:10+00:00,460
qname=abb.com.,2025-11-22T18:59:24+00:00,452
qname=abb.com.,2025-11-22T18:59:38+00:00,148
qname=abb.com.,2025-11-22T18:59:52+00:00,364
qname=abb.com.,2025-11-22T19:00:06+00:00,508
qname=abb.com.,2025-11-22T19:00:20+00:00,508
qname=abb.com.,2025-11-22T19:00:34+00:00,508
qname=abb.com.,2025-11-22T19:00:48+00:00,672
qname=abb.com.,2025-11-22T19:01:02+00:00,672
qname=abb.com.,2025-11-22T19:01:16+00:00,672
qname=abb.com.,2025-11-22T19:01:30+00:00,672
qname=abb.com.,2025-11-22T19:01:44+00:00,672
qname=abb.com.,2025-11-22T19:01:58+00:00,524
qname=abb.com.,2025-11-22T19:02:12+00:00,524
qname=abb.com.,2025-11-22T19:02:26+00:00,524
qname=abb.com.,2025-11-22T19:02:40+00:00,524
qname=abb.com.,2025-11-22T19:02:54+00:00,524
qname=abb.com.,2025-11-22T19:03:08+00:00,524
qname=abb.com.,2025-11-22T19:03:22+00:00,524
qname=abb.com.,2025-11-22T19:03:36+00:00,524
qname=abb.com.,2025-11-22T19:03:50+00:00,524
qname=abb.com.,2025-11-22T19:04:04+00:00,524
qname=abb.com.,2025-11-22T19:04:18+00:00,524
qname=abb.com.,2025-11-22T19:04:32+00:00,524
qname=abb.com.,2025-11-22T19:04:46+00:00,524
qname=abb.com.,2025-11-22T19:05:00+00:00,164
qname=abb.com.,2025-11-22T19:05:14+00:00,164
qname=abb.com.,2025-11-22T19:05:28+00:00,164
qname=abb.com.,2025-11-22T19:06:52+00:00,380
qname=abb.com.,2025-11-22T19:07:06+00:00,380
qname=abb.com.,2025-11-22T19:07:20+00:00,380
qname=abb.com.,2025-11-22T19:07:34+00:00,380
qname=abb.com.,2025-11-22T19:07:48+00:00,380
qname=abb.com.,2025-11-22T19:08:02+00:00,380
qname=abb.com.,2025-11-22T19:08:16+00:00,380
qname=abb.com.,2025-11-22T19:08:30+00:00,380
qname=abb.com.,2025-11-22T19:08:44+00:00,380
qname=abb.com.,2025-11-22T19:08:58+00:00,380
qname=abb.com.,2025-11-22T19:09:12+00:00,380
qname=abb.com.,2025-11-22T19:09:26+00:00,380
qname=abb.com.,2025-11-22T19:09:40+00:00,380
qname=abb.com.,2025-11-22T19:09:54+00:00,380
qname=abb.com.,2025-11-22T19:10:08+00:00,380
qname=abb.com.,2025-11-22T19:10:22+00:00,380
qname=abb.com.,2025-11-22T19:10:36+00:00,380
qname=abb.com.,2025-11-22T19:10:50+00:00,380
qname=abb.com.,2025-11-22T19:11:04+00:00,380
qname=abb.com.,2025-11-22T19:11:18+00:00,380
qname=abb.com.,2025-11-22T19:11:32+00:00,1312
qname=abb.com.,2025-11-22T19:11:46+00:00,1372
qname=abb.com.,2025-11-22T19:12:00+00:00,992
qname=abb.com.,2025-11-22T19:12:14+00:00,1376
qname=abb.com.,2025-11-22T19:12:28+00:00,1652
qname=abb.com.,2025-11-22T19:12:42+00:00,1652
qname=abb.com.,2025-11-22T19:12:56+00:00,1932
qname=abb.com.,2025-11-22T19:13:10+00:00,2440
qname=abb.com.,2025-11-22T19:13:24+00:00,2440
qname=abb.com.,2025-11-22T19:13:38+00:00,2440
qname=abb.com.,2025-11-22T19:13:52+00:00,2440
qname=abb.com.,2025-11-22T19:14:06+00:00,2440
qname=abb.com.,2025-11-22T19:14:20+00:00,2440
qname=abb.com.,2025-11-22T19:14:34+00:00,2440
qname=abb.com.,2025-11-22T19:14:48+00:00,2640
qname=abb.com.,2025-11-22T19:15:02+00:00,2648
qname=abb.com.,2025-11-22T19:15:16+00:00,2648
qname=abb.com.,2025-11-22T19:15:30+00:00,2648
qname=abb.com.,2025-11-22T19:15:44+00:00,2648
qname=abb.com.,2025-11-22T19:15:58+00:00,2648
qname=abb.com.,2025-11-22T19:16:12+00:00,2648
qname=abb.com.,2025-11-22T19:16:26+00:00,2232
qname=abb.com.,2025-11-22T19:16:40+00:00,1656
qname=abb.com.,2025-11-22T19:16:54+00:00,1656
qname=abb.com.,2025-11-22T19:17:08+00:00,1584
qname=abb.com.,2025-11-22T19:17:22+00:00,996
qname=abb.com.,2025-11-22T19:17:36+00:00,996
qname=abb.com.,2025-11-22T19:17:50+00:00,1228
qname=abb.com.,2025-11-22T19:18:04+00:00,1376
qname=abb.com.,2025-11-22T19:18:18+00:00,1340
qname=abb.com.,2025-11-22T19:18:32+00:00,1340
qname=abb.com.,2025-11-22T19:18:46+00:00,1340
qname=abb.com.,2025-11-22T19:19:00+00:00,1340
qname=abb.com.,2025-11-22T19:19:14+00:00,1340
qname=abb.com.,2025-11-22T19:19:28+00:00,2308
qname=abb.com.,2025-11-22T19:19:42+00:00,2332
qname=abb.com.,2025-11-22T19:19:56+00:00,2252
qname=abb.com.,2025-11-22T19:20:10+00:00,2252
qname=abb.com.,2025-11-22T19:20:24+00:00,2252
qname=abb.com.,2025-11-22T19:20:38+00:00,2252
qname=abb.com.,2025-11-22T19:20:52+00:00,2252
qname=abb.com.,2025-11-22T19:21:06+00:00,2252
qname=abb.com.,2025-11-22T19:21:20+00:00,2252
qname=abb.com.,2025-11-22T19:21:34+00:00,2252
qname=abb.com.,2025-11-22T19:21:48+00:00,2252
qname=abb.com.,2025-11-22T19:22:02+00:00,2252
qname=abb.com.,2025-11-22T19:22:16+00:00,2252
qname=abb.com.,2025-11-22T19:22:30+00:00,2252
qname=abb.com.,2025-11-22T19:22:44+00:00,2252
qname=abb.com.,2025-11-22T19:22:58+00:00,1332
qname=abb.com.,2025-11-22T19:23:12+00:00,1120
qname=abb.com.,2025-11-22T19:23:26+00:00,1120
qname=abb.com.,2025-11-22T19:23:40+00:00,1120
qname=abb.com.,2025-11-22T19:23:54+00:00,1120
qname=abb.com.,2025-11-22T19:24:08+00:00,1120
qname=abb.com.,2025-11-22T19:24:22+00:00,652
qname=abb.com.,2025-11-22T19:24:36+00:00,128
qname=abb.com.,2025-11-22T19:28:48+00:00,292
qname=abb.com.,2025-11-22T19:29:02+00:00,780
qname=abb.com.,2025-11-22T19:29:16+00:00,1002
qname=abb.com.,2025-11-22T19:29:30+00:00,1772
qname=abb.com.,2025-11-22T19:29:44+00:00,1772
qname=abb.com.,2025-11-22T19:29:58+00:00,1772
qname=abb.com.,2025-11-22T19:30:12+00:00,2764
qname=abb.com.,2025-11-22T19:30:26+00:00,2764
qname=abb.com.,2025-11-22T19:30:40+00:00,2764
qname=abb.com.,2025-11-22T19:30:54+00:00,2764
qname=abb.com.,2025-11-22T19:31:08+00:00,3632
qname=abb.com.,2025-11-22T19:31:22+00:00,3756
qname=abb.com.,2025-11-22T19:31:36+00:00,3756
qname=abb.com.,2025-11-22T19:31:50+00:00,3756
qname=abb.com.,2025-11-22T19:32:04+00:00,3756
qname=abb.com.,2025-11-22T19:32:18+00:00,3756
qname=abb.com.,2025-11-22T19:32:32+00:00,3756
qname=abb.com.,2025-11-22T19:32:46+00:00,3756
qname=abb.com.,2025-11-22T19:33:00+00:00,3756
qname=abb.com.,2025-11-22T19:33:14+00:00,3756
qname=abb.com.,2025-11-22T19:33:28+00:00,3832
qname=abb.com.,2025-11-22T19:33:42+00:00,4544
qname=abb.com.,2025-11-22T19:33:56+00:00,3796
qname=abb.com.,2025-11-22T19:34:10+00:00,3764
qname=abb.com.,2025-11-22T19:34:24+00:00,2820
qname=abb.com.,2025-11-22T19:34:38+00:00,2772
qname=abb.com.,2025-11-22T19:34:52+00:00,2772
qname=abb.com.,2025-11-22T19:35:06+00:00,2132
qname=atlassian.com.,2025-11-22T18:52:52+00:00,516
qname=atlassian.com.,2025-11-22T18:53:06+00:00,756
qname=atlassian.com.,2025-11-22T18:53:20+00:00,960
qname=atlassian.com.,2025-11-22T18:53:34+00:00,960
qname=atlassian.com.,2025-11-22T18:53:48+00:00,960
qname=atlassian.com.,2025-11-22T18:54:02+00:00,960
qname=atlassian.com.,2025-11-22T18:54:16+00:00,960
qname=atlassian.com.,2025-11-22T18:54:30+00:00,960
qname=atlassian.com.,2025-11-22T18:54:44+00:00,960
qname=atlassian.com.,2025-11-22T18:54:58+00:00,960
qname=atlassian.com.,2025-11-22T18:55:12+00:00,960
qname=atlassian.com.,2025-11-22T18:55:26+00:00,960
qname=atlassian.com.,2025-11-22T18:55:40+00:00,960
qname=atlassian.com.,2025-11-22T18:55:54+00:00,960
qname=atlassian.com.,2025-11-22T18:56:08+00:00,960
qname=atlassian.com.,2025-11-22T18:56:22+00:00,960
qname=atlassian.com.,2025-11-22T18:56:36+00:00,960
qname=atlassian.com.,2025-11-22T18:56:50+00:00,960
qname=atlassian.com.,2025-11-22T18:57:04+00:00,960
qname=atlassian.com.,2025-11-22T18:57:18+00:00,960
qname=atlassian.com.,2025-11-22T18:57:32+00:00,960
qname=atlassian.com.,2025-11-22T18:57:46+00:00,836
qname=atlassian.com.,2025-11-22T18:58:00+00:00,204
qname=atlassian.com.,2025-11-22T18:58:56+00:00,268
qname=atlassian.com.,2025-11-22T18:59:10+00:00,268
qname=atlassian.com.,2025-11-22T18:59:24+00:00,268
qname=atlassian.com.,2025-11-22T18:59:38+00:00,512
qname=atlassian.com.,2025-11-22T18:59:52+00:00,560
qname=atlassian.com.,2025-11-22T19:00:06+00:00,560
qname=atlassian.com.,2025-11-22T19:00:20+00:00,560
qname=atlassian.com.,2025-11-22T19:00:34+00:00,560
qname=atlassian.com.,2025-11-22T19:00:48+00:00,1348
qname=atlassian.com.,2025-11-22T19:01:02+00:00,1552
qname=atlassian.com.,2025-11-22T19:01:16+00:00,1552
qname=atlassian.com.,2025-11-22T19:01:30+00:00,1552
qname=atlassian.com.,2025-11-22T19:01:44+00:00,1552
qname=atlassian.com.,2025-11-22T19:01:58+00:00,1552
qname=atlassian.com.,2025-11-22T19:02:12+00:00,1552
qname=atlassian.com.,2025-11-22T19:02:26+00:00,1552
qname=atlassian.com.,2025-11-22T19:02:40+00:00,1552
qname=atlassian.com.,2025-11-22T19:02:54+00:00,1552
qname=atlassian.com.,2025-11-22T19:03:08+00:00,1552
qname=atlassian.com.,2025-11-22T19:03:22+00:00,1552
qname=atlassian.com.,2025-11-22T19:03:36+00:00,1552
qname=atlassian.com.,2025-11-22T19:03:50+00:00,1524
qname=atlassian.com.,2025-11-22T19:04:04+00:00,1284
qname=atlassian.com.,2025-11-22T19:04:18+00:00,1284
qname=atlassian.com.,2025-11-22T19:04:32+00:00,1284
qname=atlassian.com.,2025-11-22T19:04:46+00:00,992
qname=atlassian.com.,2025-11-22T19:05:00+00:00,992
qname=atlassian.com.,2025-11-22T19:05:14+00:00,992
qname=atlassian.com.,2025-11-22T19:05:28+00:00,992
qname=atlassian.com.,2025-11-22T19:05:42+00:00,770
qname=atlassian.com.,2025-11-22T19:12:00+00:00,568
qname=atlassian.com.,2025-11-22T19:12:14+00:00,788
qname=atlassian.com.,2025-11-22T19:12:28+00:00,1432
qname=atlassian.com.,2025-11-22T19:12:42+00:00,1780
qname=atlassian.com.,2025-11-22T19:12:56+00:00,1780
qname=atlassian.com.,2025-11-22T19:13:10+00:00,1780
qname=atlassian.com.,2025-11-22T19:13:24+00:00,1780
qname=atlassian.com.,2025-11-22T19:13:38+00:00,1780
qname=atlassian.com.,2025-11-22T19:13:52+00:00,1780
qname=atlassian.com.,2025-11-22T19:14:06+00:00,1780
qname=atlassian.com.,2025-11-22T19:14:20+00:00,1780
qname=atlassian.com.,2025-11-22T19:14:34+00:00,1780
qname=atlassian.com.,2025-11-22T19:14:48+00:00,1780
qname=atlassian.com.,2025-11-22T19:15:02+00:00,1780
qname=atlassian.com.,2025-11-22T19:15:16+00:00,2756
qname=atlassian.com.,2025-11-22T19:15:30+00:00,2772
qname=atlassian.com.,2025-11-22T19:15:44+00:00,2772
qname=atlassian.com.,2025-11-22T19:15:58+00:00,2772
qname=atlassian.com.,2025-11-22T19:16:12+00:00,2772
qname=atlassian.com.,2025-11-22T19:16:26+00:00,2772
qname=atlassian.com.,2025-11-22T19:16:40+00:00,2772
qname=atlassian.com.,2025-11-22T19:16:54+00:00,2604
qname=atlassian.com.,2025-11-22T19:17:08+00:00,1984
qname=atlassian.com.,2025-11-22T19:17:22+00:00,1944
qname=atlassian.com.,2025-11-22T19:17:36+00:00,992
qname=atlassian.com.,2025-11-22T19:17:50+00:00,992
qname=atlassian.com.,2025-11-22T19:18:04+00:00,992
qname=atlassian.com.,2025-11-22T19:18:18+00:00,1188
qname=atlassian.com.,2025-11-22T19:18:32+00:00,1188
qname=atlassian.com.,2025-11-22T19:18:46+00:00,1188
qname=atlassian.com.,2025-11-22T19:19:00+00:00,1188
qname=atlassian.com.,2025-11-22T19:19:14+00:00,1188
qname=atlassian.com.,2025-11-22T19:19:28+00:00,1188
qname=atlassian.com.,2025-11-22T19:19:42+00:00,1188
qname=atlassian.com.,2025-11-22T19:19:56+00:00,1188
qname=atlassian.com.,2025-11-22T19:20:10+00:00,660
qname=atlassian.com.,2025-11-22T19:20:24+00:00,196
qname=atlassian.com.,2025-11-22T19:20:38+00:00,196
qname=atlassian.com.,2025-11-22T19:20:52+00:00,196
qname=atlassian.com.,2025-11-22T19:21:06+00:00,196
qname=atlassian.com.,2025-11-22T19:21:20+00:00,196
qname=atlassian.com.,2025-11-22T19:21:34+00:00,196
qname=atlassian.com.,2025-11-22T19:21:48+00:00,196
qname=atlassian.com.,2025-11-22T19:22:02+00:00,196
qname=atlassian.com.,2025-11-22T19:22:16+00:00,196
qname=atlassian.com.,2025-11-22T19:22:30+00:00,196
qname=atlassian.com.,2025-11-22T19:22:44+00:00,196
qname=atlassian.com.,2025-11-22T19:22:58+00:00,196
qname=atlassian.com.,2025-11-22T19:23:12+00:00,192
qname=atlassian.com.,2025-11-22T19:24:08+00:00,240
qname=atlassian.com.,2025-11-22T19:24:22+00:00,240
qname=atlassian.com.,2025-11-22T19:24:36+00:00,240
qname=atlassian.com.,2025-11-22T19:24:50+00:00,240
qname=atlassian.com.,2025-11-22T19:25:04+00:00,240
qname=atlassian.com.,2025-11-22T19:25:18+00:00,240
qname=atlassian.com.,2025-11-22T19:25:32+00:00,240
qname=atlassian.com.,2025-11-22T19:25:46+00:00,240
qname=atlassian.com.,2025-11-22T19:26:00+00:00,240
qname=atlassian.com.,2025-11-22T19:26:14+00:00,468
qname=atlassian.com.,2025-11-22T19:26:28+00:00,468
qname=atlassian.com.,2025-11-22T19:26:42+00:00,468
qname=atlassian.com.,2025-11-22T19:26:56+00:00,818
qname=atlassian.com.,2025-11-22T19:27:10+00:00,892
qname=atlassian.com.,2025-11-22T19:27:24+00:00,892
qname=atlassian.com.,2025-11-22T19:27:38+00:00,892
qname=atlassian.com.,2025-11-22T19:27:52+00:00,1668
qname=atlassian.com.,2025-11-22T19:28:06+00:00,1884
qname=atlassian.com.,2025-11-22T19:28:20+00:00,1884
qname=atlassian.com.,2025-11-22T19:28:34+00:00,1884
qname=atlassian.com.,2025-11-22T19:28:48+00:00,1884
qname=atlassian.com.,2025-11-22T19:29:02+00:00,1644
qname=atlassian.com.,2025-11-22T19:29:16+00:00,1644
qname=atlassian.com.,2025-11-22T19:29:30+00:00,1916
qname=atlassian.com.,2025-11-22T19:29:44+00:00,1916
qname=atlassian.com.,2025-11-22T19:29:58+00:00,1916
qname=atlassian.com.,2025-11-22T19:30:12+00:00,1916
qname=atlassian.com.,2025-11-22T19:30:26+00:00,1916
qname=atlassian.com.,2025-11-22T19:30:40+00:00,1916
qname=atlassian.com.,2025-11-22T19:30:54+00:00,1916
qname=atlassian.com.,2025-11-22T19:31:08+00:00,1886
qname=atlassian.com.,2025-11-22T19:31:22+00:00,1688
qname=atlassian.com.,2025-11-22T19:31:36+00:00,1688
qname=atlassian.com.,2025-11-22T19:31:50+00:00,1688
qname=atlassian.com.,2025-11-22T19:32:04+00:00,1830
qname=atlassian.com.,2025-11-22T19:32:18+00:00,2104
qname=atlassian.com.,2025-11-22T19:32:32+00:00,2644
qname=atlassian.com.,2025-11-22T19:32:46+00:00,2844
qname=atlassian.com.,2025-11-22T19:33:00+00:00,2104
qname=atlassian.com.,2025-11-22T19:33:14+00:00,2104
qname=atlassian.com.,2025-11-22T19:33:28+00:00,2104
qname=atlassian.com.,2025-11-22T19:33:42+00:00,2104
qname=atlassian.com.,2025-11-22T19:33:56+00:00,2104
qname=atlassian.com.,2025-11-22T19:34:10+00:00,2104
qname=atlassian.com.,2025-11-22T19:34:24+00:00,2828
qname=atlassian.com.,2025-11-22T19:34:38+00:00,2604
qname=atlassian.com.,2025-11-22T19:34:52+00:00,2604
qname=atlassian.com.,2025-11-22T19:35:06+00:00,2604
qname=cbs.nl.,2025-11-22T18:53:34+00:00,292
qname=cbs.nl.,2025-11-22T18:53:48+00:00,292
qname=cbs.nl.,2025-11-22T18:54:02+00:00,292
qname=cbs.nl.,2025-11-22T18:54:16+00:00,292
qname=cbs.nl.,2025-11-22T18:54:30+00:00,344
qname=cbs.nl.,2025-11-22T18:54:44+00:00,1524
qname=cbs.nl.,2025-11-22T18:54:58+00:00,1524
qname=cbs.nl.,2025-11-22T18:55:12+00:00,1524
qname=cbs.nl.,2025-11-22T18:55:26+00:00,1524
qname=cbs.nl.,2025-11-22T18:55:40+00:00,1620
qname=cbs.nl.,2025-11-22T18:55:54+00:00,1632
qname=cbs.nl.,2025-11-22T18:56:08+00:00,1632
qname=cbs.nl.,2025-11-22T18:56:22+00:00,1632
qname=cbs.nl.,2025-11-22T18:56:36+00:00,1632
qname=cbs.nl.,2025-11-22T18:56:50+00:00,1632
qname=cbs.nl.,2025-11-22T18:57:04+00:00,2272
qname=cbs.nl.,2025-11-22T18:57:18+00:00,2624
qname=cbs.nl.,2025-11-22T18:57:32+00:00,2624
qname=cbs.nl.,2025-11-22T18:57:46+00:00,2624
qname=cbs.nl.,2025-11-22T18:58:00+00:00,2624
qname=cbs.nl.,2025-11-22T18:58:14+00:00,2624
qname=cbs.nl.,2025-11-22T18:58:28+00:00,2332
qname=cbs.nl.,2025-11-22T18:58:42+00:00,2332
qname=cbs.nl.,2025-11-22T18:58:56+00:00,2332
qname=cbs.nl.,2025-11-22T18:59:10+00:00,2332
qname=cbs.nl.,2025-11-22T18:59:24+00:00,2332
qname=cbs.nl.,2025-11-22T18:59:38+00:00,1528
qname=cbs.nl.,2025-11-22T18:59:52+00:00,1100
qname=cbs.nl.,2025-11-22T19:00:06+00:00,1100
qname=cbs.nl.,2025-11-22T19:00:20+00:00,1100
qname=cbs.nl.,2025-11-22T19:00:34+00:00,1100
qname=cbs.nl.,2025-11-22T19:00:48+00:00,992
qname=cbs.nl.,2025-11-22T19:01:02+00:00,992
qname=cbs.nl.,2025-11-22T19:01:16+00:00,992
qname=cbs.nl.,2025-11-22T19:01:30+00:00,992
qname=cbs.nl.,2025-11-22T19:01:44+00:00,992
qname=cbs.nl.,2025-11-22T19:01:58+00:00,892
qname=cbs.nl.,2025-11-22T19:06:38+00:00,424
qname=cbs.nl.,2025-11-22T19:06:52+00:00,424
qname=cbs.nl.,2025-11-22T19:07:06+00:00,424
qname=cbs.nl.,2025-11-22T19:07:20+00:00,424
qname=cbs.nl.,2025-11-22T19:07:34+00:00,424
qname=cbs.nl.,2025-11-22T19:07:48+00:00,424
qname=cbs.nl.,2025-11-22T19:08:02+00:00,424
qname=cbs.nl.,2025-11-22T19:08:16+00:00,424
qname=cbs.nl.,2025-11-22T19:08:30+00:00,424
qname=cbs.nl.,2025-11-22T19:08:44+00:00,424
qname=cbs.nl.,2025-11-22T19:08:58+00:00,424
qname=cbs.nl.,2025-11-22T19:09:12+00:00,424
qname=cbs.nl.,2025-11-22T19:09:26+00:00,424
qname=cbs.nl.,2025-11-22T19:09:40+00:00,424
qname=cbs.nl.,2025-11-22T19:09:54+00:00,424
qname=cbs.nl.,2025-11-22T19:10:08+00:00,424
qname=cbs.nl.,2025-11-22T19:10:22+00:00,424
qname=cbs.nl.,2025-11-22T19:10:36+00:00,628
qname=cbs.nl.,2025-11-22T19:10:50+00:00,628
qname=cbs.nl.,2025-11-22T19:11:04+00:00,628
qname=cbs.nl.,2025-11-22T19:11:18+00:00,628
qname=cbs.nl.,2025-11-22T19:11:32+00:00,580
qname=cbs.nl.,2025-11-22T19:11:46+00:00,204
qname=cbs.nl.,2025-11-22T19:12:00+00:00,204
qname=cbs.nl.,2025-11-22T19:12:14+00:00,204
qname=cbs.nl.,2025-11-22T19:12:28+00:00,204
qname=cbs.nl.,2025-11-22T19:12:42+00:00,204
qname=cbs.nl.,2025-11-22T19:12:56+00:00,204
qname=cbs.nl.,2025-11-22T19:13:10+00:00,204
qname=cbs.nl.,2025-11-22T19:13:24+00:00,376
qname=cbs.nl.,2025-11-22T19:13:38+00:00,1012
qname=cbs.nl.,2025-11-22T19:13:52+00:00,1296
qname=cbs.nl.,2025-11-22T19:14:06+00:00,1296
qname=cbs.nl.,2025-11-22T19:14:20+00:00,1296
qname=cbs.nl.,2025-11-22T19:14:34+00:00,1296
qname=cbs.nl.,2025-11-22T19:14:48+00:00,1296
qname=cbs.nl.,2025-11-22T19:15:02+00:00,1296
qname=cbs.nl.,2025-11-22T19:15:16+00:00,1296
qname=cbs.nl.,2025-11-22T19:15:30+00:00,1202
qname=cbs.nl.,2025-11-22T19:15:44+00:00,1092
qname=cbs.nl.,2025-11-22T19:15:58+00:00,1092
qname=cbs.nl.,2025-11-22T19:16:12+00:00,1888
qname=cbs.nl.,2025-11-22T19:16:26+00:00,2084
qname=cbs.nl.,2025-11-22T19:16:40+00:00,2084
qname=cbs.nl.,2025-11-22T19:16:54+00:00,2084
qname=cbs.nl.,2025-11-22T19:17:08+00:00,2084
qname=cbs.nl.,2025-11-22T19:17:22+00:00,2084
qname=cbs.nl.,2025-11-22T19:17:36+00:00,2084
qname=cbs.nl.,2025-11-22T19:17:50+00:00,2084
qname=cbs.nl.,2025-11-22T19:18:04+00:00,2084
qname=cbs.nl.,2025-11-22T19:18:18+00:00,2084
qname=cbs.nl.,2025-11-22T19:18:32+00:00,1352
qname=cbs.nl.,2025-11-22T19:18:46+00:00,1276
qname=cbs.nl.,2025-11-22T19:19:00+00:00,992
qname=cbs.nl.,2025-11-22T19:19:14+00:00,992
qname=cbs.nl.,2025-11-22T19:19:28+00:00,992
qname=cbs.nl.,2025-11-22T19:19:42+00:00,992
qname=cbs.nl.,2025-11-22T19:19:56+00:00,992
qname=cbs.nl.,2025-11-22T19:20:10+00:00,992
qname=cbs.nl.,2025-11-22T19:20:24+00:00,992
qname=cbs.nl.,2025-11-22T19:20:38+00:00,992
qname=cbs.nl.,2025-11-22T19:20:52+00:00,992
qname=cbs.nl.,2025-11-22T19:21:06+00:00,840
qname=cbs.nl.,2025-11-22T19:24:22+00:00,552
qname=cbs.nl.,2025-11-22T19:24:36+00:00,860
qname=cbs.nl.,2025-11-22T19:24:50+00:00,860
qname=cbs.nl.,2025-11-22T19:25:04+00:00,860
qname=cbs.nl.,2025-11-22T19:25:18+00:00,860
qname=cbs.nl.,2025-11-22T19:25:32+00:00,860
qname=cbs.nl.,2025-11-22T19:25:46+00:00,1260
qname=cbs.nl.,2025-11-22T19:26:00+00:00,1260
qname=cbs.nl.,2025-11-22T19:26:14+00:00,1260
qname=cbs.nl.,2025-11-22T19:26:28+00:00,1396
qname=cbs.nl.,2025-11-22T19:26:42+00:00,2380
qname=cbs.nl.,2025-11-22T19:26:56+00:00,2380
qname=cbs.nl.,2025-11-22T19:27:10+00:00,2452
qname=cbs.nl.,2025-11-22T19:27:24+00:00,2536
qname=cbs.nl.,2025-11-22T19:27:38+00:00,2536
qname=cbs.nl.,2025-11-22T19:27:52+00:00,2536
qname=cbs.nl.,2025-11-22T19:28:06+00:00,2536
qname=cbs.nl.,2025-11-22T19:28:20+00:00,2536
qname=cbs.nl.,2025-11-22T19:28:34+00:00,2536
qname=cbs.nl.,2025-11-22T19:28:48+00:00,2536
qname=cbs.nl.,2025-11-22T19:29:02+00:00,2536
qname=cbs.nl.,2025-11-22T19:29:16+00:00,2440
qname=cbs.nl.,2025-11-22T19:29:30+00:00,1676
qname=cbs.nl.,2025-11-22T19:29:44+00:00,1676
qname=cbs.nl.,2025-11-22T19:29:58+00:00,1676
qname=cbs.nl.,2025-11-22T19:30:12+00:00,1676
qname=cbs.nl.,2025-11-22T19:30:26+00:00,1676
qname=cbs.nl.,2025-11-22T19:30:40+00:00,2378
qname=cbs.nl.,2025-11-22T19:30:54+00:00,2268
qname=cbs.nl.,2025-11-22T19:31:08+00:00,2268
qname=cbs.nl.,2025-11-22T19:31:22+00:00,2268
qname=cbs.nl.,2025-11-22T19:31:36+00:00,1332
qname=cbs.nl.,2025-11-22T19:31:50+00:00,1148
qname=cbs.nl.,2025-11-22T19:32:04+00:00,1148
qname=cbs.nl.,2025-11-22T19:32:18+00:00,1200
qname=cbs.nl.,2025-11-22T19:32:32+00:00,1200
qname=cbs.nl.,2025-11-22T19:32:46+00:00,1200
qname=cbs.nl.,2025-11-22T19:33:00+00:00,1200
qname=cbs.nl.,2025-11-22T19:33:14+00:00,1200
qname=cbs.nl.,2025-11-22T19:33:28+00:00,1200
qname=cbs.nl.,2025-11-22T19:33:42+00:00,1200
qname=cbs.nl.,2025-11-22T19:33:56+00:00,1200
qname=cbs.nl.,2025-11-22T19:34:10+00:00,2192
qname=cbs.nl.,2025-11-22T19:34:24+00:00,2192
qname=cbs.nl.,2025-11-22T19:34:38+00:00,2192
qname=cbs.nl.,2025-11-22T19:34:52+00:00,2192
qname=cbs.nl.,2025-11-22T19:35:06+00:00,2192
qname=cmu.edu.,2025-11-22T18:52:38+00:00,664
qname=cmu.edu.,2025-11-22T18:52:52+00:00,804
qname=cmu.edu.,2025-11-22T18:53:06+00:00,956
qname=cmu.edu.,2025-11-22T18:53:20+00:00,956
qname=cmu.edu.,2025-11-22T18:53:34+00:00,956
qname=cmu.edu.,2025-11-22T18:53:48+00:00,1390
qname=cmu.edu.,2025-11-22T18:54:02+00:00,2064
qname=cmu.edu.,2025-11-22T18:54:16+00:00,2064
qname=cmu.edu.,2025-11-22T18:54:30+00:00,2064
qname=cmu.edu.,2025-11-22T18:54:44+00:00,2064
qname=cmu.edu.,2025-11-22T18:54:58+00:00,2064
qname=cmu.edu.,2025-11-22T18:55:12+00:00,2064
qname=cmu.edu.,2025-11-22T18:55:26+00:00,2064
qname=cmu.edu.,2025-11-22T18:55:40+00:00,2064
qname=cmu.edu.,2025-11-22T18:55:54+00:00,2064
qname=cmu.edu.,2025-11-22T18:56:08+00:00,2064
qname=cmu.edu.,2025-11-22T18:56:22+00:00,2064
qname=cmu.edu.,2025-11-22T18:56:36+00:00,2064
qname=cmu.edu.,2025-11-22T18:56:50+00:00,2640
qname=cmu.edu.,2025-11-22T18:57:04+00:00,2872
qname=cmu.edu.,2025-11-22T18:57:18+00:00,2872
qname=cmu.edu.,2025-11-22T18:57:32+00:00,2652
qname=cmu.edu.,2025-11-22T18:57:46+00:00,2068
qname=cmu.edu.,2025-11-22T18:58:00+00:00,1916
qname=cmu.edu.,2025-11-22T18:58:14+00:00,1916
qname=cmu.edu.,2025-11-22T18:58:28+00:00,1916
qname=cmu.edu.,2025-11-22T18:58:42+00:00,1892
qname=cmu.edu.,2025-11-22T18:58:56+00:00,816
qname=cmu.edu.,2025-11-22T18:59:10+00:00,808
qname=cmu.edu.,2025-11-22T18:59:24+00:00,808
qname=cmu.edu.,2025-11-22T18:59:38+00:00,808
qname=cmu.edu.,2025-11-22T18:59:52+00:00,808
qname=cmu.edu.,2025-11-22T19:00:06+00:00,808
qname=cmu.edu.,2025-11-22T19:00:20+00:00,808
qname=cmu.edu.,2025-11-22T19:00:34+00:00,1610
qname=cmu.edu.,2025-11-22T19:00:48+00:00,1800
qname=cmu.edu.,2025-11-22T19:01:02+00:00,1800
qname=cmu.edu.,2025-11-22T19:01:16+00:00,1800
qname=cmu.edu.,2025-11-22T19:01:30+00:00,1800
qname=cmu.edu.,2025-11-22T19:01:44+00:00,1648
qname=cmu.edu.,2025-11-22T19:01:58+00:00,992
qname=cmu.edu.,2025-11-22T19:02:12+00:00,992
qname=cmu.edu.,2025-11-22T19:02:26+00:00,992
qname=cmu.edu.,2025-11-22T19:02:40+00:00,992
qname=cmu.edu.,2025-11-22T19:02:54+00:00,992
qname=cmu.edu.,2025-11-22T19:03:08+00:00,992
qname=cmu.edu.,2025-11-22T19:03:22+00:00,992
qname=cmu.edu.,2025-11-22T19:03:36+00:00,992
qname=cmu.edu.,2025-11-22T19:03:50+00:00,992
qname=cmu.edu.,2025-11-22T19:04:04+00:00,992
qname=cmu.edu.,2025-11-22T19:04:18+00:00,992
qname=cmu.edu.,2025-11-22T19:04:32+00:00,992
qname=cmu.edu.,2025-11-22T19:04:46+00:00,992
qname=cmu.edu.,2025-11-22T19:05:00+00:00,992
qname=cmu.edu.,2025-11-22T19:05:14+00:00,1624
qname=cmu.edu.,2025-11-22T19:05:28+00:00,1698
qname=cmu.edu.,2025-11-22T19:05:42+00:00,992
qname=cmu.edu.,2025-11-22T19:05:56+00:00,992
qname=cmu.edu.,2025-11-22T19:06:10+00:00,992
qname=cmu.edu.,2025-11-22T19:06:24+00:00,992
qname=cmu.edu.,2025-11-22T19:06:38+00:00,992
qname=cmu.edu.,2025-11-22T19:06:52+00:00,992
qname=cmu.edu.,2025-11-22T19:07:06+00:00,992
qname=cmu.edu.,2025-11-22T19:07:20+00:00,992
qname=cmu.edu.,2025-11-22T19:07:34+00:00,992
qname=cmu.edu.,2025-11-22T19:07:48+00:00,992
qname=cmu.edu.,2025-11-22T19:08:02+00:00,992
qname=cmu.edu.,2025-11-22T19:08:16+00:00,2260
qname=cmu.edu.,2025-11-22T19:08:30+00:00,2316
qname=cmu.edu.,2025-11-22T19:08:44+00:00,2316
qname=cmu.edu.,2025-11-22T19:08:58+00:00,2316
qname=cmu.edu.,2025-11-22T19:09:12+00:00,2316
qname=cmu.edu.,2025-11-22T19:09:26+00:00,2316
qname=cmu.edu.,2025-11-22T19:09:40+00:00,2316
qname=cmu.edu.,2025-11-22T19:09:54+00:00,2316
qname=cmu.edu.,2025-11-22T19:10:08+00:00,2484
qname=cmu.edu.,2025-11-22T19:10:22+00:00,2092
qname=cmu.edu.,2025-11-22T19:10:36+00:00,2092
qname=cmu.edu.,2025-11-22T19:10:50+00:00,2092
qname=cmu.edu.,2025-11-22T19:11:04+00:00,2092
qname=cmu.edu.,2025-11-22T19:11:18+00:00,2092
qname=cmu.edu.,2025-11-22T19:11:32+00:00,2092
qname=cmu.edu.,2025-11-22T19:11:46+00:00,2092
qname=cmu.edu.,2025-11-22T19:12:00+00:00,2092
qname=cmu.edu.,2025-11-22T19:12:14+00:00,2092
qname=cmu.edu.,2025-11-22T19:12:28+00:00,2092
qname=cmu.edu.,2025-11-22T19:12:42+00:00,2092
qname=cmu.edu.,2025-11-22T19:12:56+00:00,2092
qname=cmu.edu.,2025-11-22T19:13:10+00:00,1364
qname=cmu.edu.,2025-11-22T19:13:24+00:00,768
qname=cmu.edu.,2025-11-22T19:13:38+00:00,876
qname=cmu.edu.,2025-11-22T19:13:52+00:00,1760
qname=cmu.edu.,2025-11-22T19:14:06+00:00,1760
qname=cmu.edu.,2025-11-22T19:14:20+00:00,1760
qname=cmu.edu.,2025-11-22T19:14:34+00:00,1760
qname=cmu.edu.,2025-11-22T19:14:48+00:00,1760
qname=cmu.edu.,2025-11-22T19:15:02+00:00,1760
qname=cmu.edu.,2025-11-22T19:15:16+00:00,1012
qname=cmu.edu.,2025-11-22T19:15:30+00:00,992
qname=cmu.edu.,2025-11-22T19:15:44+00:00,1832
qname=cmu.edu.,2025-11-22T19:15:58+00:00,2860
qname=cmu.edu.,2025-11-22T19:16:12+00:00,3396
qname=cmu.edu.,2025-11-22T19:16:26+00:00,3396
qname=cmu.edu.,2025-11-22T19:16:40+00:00,3396
qname=cmu.edu.,2025-11-22T19:16:54+00:00,3396
qname=cmu.edu.,2025-11-22T19:17:08+00:00,3396
qname=cmu.edu.,2025-11-22T19:17:22+00:00,3396
qname=cmu.edu.,2025-11-22T19:17:36+00:00,3396
qname=cmu.edu.,2025-11-22T19:17:50+00:00,3396
qname=cmu.edu.,2025-11-22T19:18:04+00:00,3396
qname=cmu.edu.,2025-11-22T19:18:18+00:00,3396
qname=cmu.edu.,2025-11-22T19:18:32+00:00,3396
qname=cmu.edu.,2025-11-22T19:18:46+00:00,2530
qname=cmu.edu.,2025-11-22T19:19:00+00:00,3396
qname=cmu.edu.,2025-11-22T19:19:14+00:00,3396
qname=cmu.edu.,2025-11-22T19:19:28+00:00,3396
qname=cmu.edu.,2025-11-22T19:19:42+00:00,3396
qname=cmu.edu.,2025-11-22T19:19:56+00:00,3396
qname=cmu.edu.,2025-11-22T19:20:10+00:00,3396
qname=cmu.edu.,2025-11-22T19:20:24+00:00,3396
qname=cmu.edu.,2025-11-22T19:20:38+00:00,3068
qname=cmu.edu.,2025-11-22T19:20:52+00:00,2148
qname=cmu.edu.,2025-11-22T19:21:06+00:00,992
qname=cmu.edu.,2025-11-22T19:21:20+00:00,992
qname=cmu.edu.,2025-11-22T19:21:34+00:00,992
qname=cmu.edu.,2025-11-22T19:21:48+00:00,992
qname=cmu.edu.,2025-11-22T19:22:02+00:00,992
qname=cmu.edu.,2025-11-22T19:22:16+00:00,992
qname=cmu.edu.,2025-11-22T19:22:30+00:00,1024
qname=cmu.edu.,2025-11-22T19:22:44+00:00,1784
qname=cmu.edu.,2025-11-22T19:22:58+00:00,2776
qname=cmu.edu.,2025-11-22T19:23:12+00:00,3860
qname=cmu.edu.,2025-11-22T19:23:26+00:00,4000
qname=cmu.edu.,2025-11-22T19:23:40+00:00,4000
qname=cmu.edu.,2025-11-22T19:23:54+00:00,3412
qname=cmu.edu.,2025-11-22T19:24:08+00:00,3008
qname=cmu.edu.,2025-11-22T19:24:22+00:00,3008
qname=cmu.edu.,2025-11-22T19:24:36+00:00,3008
qname=cmu.edu.,2025-11-22T19:24:50+00:00,3008
qname=cmu.edu.,2025-11-22T19:25:04+00:00,3008
qname=cmu.edu.,2025-11-22T19:25:18+00:00,3008
qname=cmu.edu.,2025-11-22T19:25:32+00:00,3008
qname=cmu.edu.,2025-11-22T19:25:46+00:00,3008
qname=cmu.edu.,2025-11-22T19:26:00+00:00,3008
qname=cmu.edu.,2025-11-22T19:26:14+00:00,3008
qname=cmu.edu.,2025-11-22T19:26:28+00:00,3008
qname=cmu.edu.,2025-11-22T19:26:42+00:00,3008
qname=cmu.edu.,2025-11-22T19:26:56+00:00,3008
qname=cmu.edu.,2025-11-22T19:27:10+00:00,3008
qname=cmu.edu.,2025-11-22T19:27:24+00:00,3008
qname=cmu.edu.,2025-11-22T19:27:38+00:00,2452
qname=cmu.edu.,2025-11-22T19:27:52+00:00,1548
qname=cmu.edu.,2025-11-22T19:28:06+00:00,660
qname=cmu.edu.,2025-11-22T19:30:26+00:00,188
qname=cmu.edu.,2025-11-22T19:30:40+00:00,360
qname=cmu.edu.,2025-11-22T19:30:54+00:00,360
qname=cmu.edu.,2025-11-22T19:31:08+00:00,360
qname=cmu.edu.,2025-11-22T19:31:22+00:00,360
qname=cmu.edu.,2025-11-22T19:31:36+00:00,360
qname=cmu.edu.,2025-11-22T19:31:50+00:00,360
qname=cmu.edu.,2025-11-22T19:32:04+00:00,360
qname=cmu.edu.,2025-11-22T19:32:18+00:00,360
qname=cmu.edu.,2025-11-22T19:32:32+00:00,360
qname=cmu.edu.,2025-11-22T19:32:46+00:00,732
qname=cmu.edu.,2025-11-22T19:33:00+00:00,732
qname=cmu.edu.,2025-11-22T19:33:14+00:00,732
qname=cmu.edu.,2025-11-22T19:33:28+00:00,732
qname=cmu.edu.,2025-11-22T19:33:42+00:00,732
qname=cmu.edu.,2025-11-22T19:33:56+00:00,732
qname=cmu.edu.,2025-11-22T19:34:10+00:00,920
qname=cmu.edu.,2025-11-22T19:34:24+00:00,980
qname=cmu.edu.,2025-11-22T19:34:38+00:00,980
qname=cmu.edu.,2025-11-22T19:34:52+00:00,980
qname=cmu.edu.,2025-11-22T19:35:06+00:00,980
qname=dhitc.com.,2025-11-22T19:08:02+00:00,2
qname=dhitc.com.,2025-11-22T19:08:16+00:00,2
qname=dhitc.com.,2025-11-22T19:08:30+00:00,2
qname=dhitc.com.,2025-11-22T19:08:44+00:00,2
qname=dhitc.com.,2025-11-22T19:08:58+00:00,2
qname=dhitc.com.,2025-11-22T19:09:12+00:00,2
qname=dhitc.com.,2025-11-22T19:09:26+00:00,2
qname=dhitc.com.,2025-11-22T19:09:40+00:00,2
qname=dhitc.com.,2025-11-22T19:09:54+00:00,2
qname=dhitc.com.,2025-11-22T19:10:08+00:00,2
qname=dhitc.com.,2025-11-22T19:10:22+00:00,2
qname=dhitc.com.,2025-11-22T19:10:36+00:00,2
qname=dhitc.com.,2025-11-22T19:10:50+00:00,2
qname=dhitc.com.,2025-11-22T19:11:04+00:00,2
qname=dhitc.com.,2025-11-22T19:11:18+00:00,2
qname=dhitc.com.,2025-11-22T19:11:32+00:00,2
qname=dhitc.com.,2025-11-22T19:11:46+00:00,2
qname=dhitc.com.,2025-11-22T19:12:00+00:00,2
qname=dhitc.com.,2025-11-22T19:12:14+00:00,2
qname=dhitc.com.,2025-11-22T19:12:28+00:00,2
qname=dhitc.com.,2025-11-22T19:12:42+00:00,2
qname=dhitc.com.,2025-11-22T19:12:56+00:00,2
qname=dhl.com.,2025-11-22T18:53:20+00:00,538
qname=dhl.com.,2025-11-22T18:53:34+00:00,992
qname=dhl.com.,2025-11-22T18:53:48+00:00,992
qname=dhl.com.,2025-11-22T18:54:02+00:00,1168
qname=dhl.com.,2025-11-22T18:54:16+00:00,1332
qname=dhl.com.,2025-11-22T18:54:30+00:00,2160
qname=dhl.com.,2025-11-22T18:54:44+00:00,2160
qname=dhl.com.,2025-11-22T18:54:58+00:00,2160
qname=dhl.com.,2025-11-22T18:55:12+00:00,2160
qname=dhl.com.,2025-11-22T18:55:26+00:00,2160
qname=dhl.com.,2025-11-22T18:55:40+00:00,2160
qname=dhl.com.,2025-11-22T18:55:54+00:00,2316
qname=dhl.com.,2025-11-22T18:56:08+00:00,2456
qname=dhl.com.,2025-11-22T18:56:22+00:00,2456
qname=dhl.com.,2025-11-22T18:56:36+00:00,3028
qname=dhl.com.,2025-11-22T18:56:50+00:00,3232
qname=dhl.com.,2025-11-22T18:57:04+00:00,3232
qname=dhl.com.,2025-11-22T18:57:18+00:00,3816
qname=dhl.com.,2025-11-22T18:57:32+00:00,4224
qname=dhl.com.,2025-11-22T18:57:46+00:00,4224
qname=dhl.com.,2025-11-22T18:58:00+00:00,4224
qname=dhl.com.,2025-11-22T18:58:14+00:00,4224
qname=dhl.com.,2025-11-22T18:58:28+00:00,3232
qname=dhl.com.,2025-11-22T18:58:42+00:00,3232
qname=dhl.com.,2025-11-22T18:58:56+00:00,3196
qname=dhl.com.,2025-11-22T18:59:10+00:00,3056
qname=dhl.com.,2025-11-22T18:59:24+00:00,2144
qname=dhl.com.,2025-11-22T18:59:38+00:00,2064
qname=dhl.com.,2025-11-22T18:59:52+00:00,2064
qname=dhl.com.,2025-11-22T19:00:06+00:00,2064
qname=dhl.com.,2025-11-22T19:00:20+00:00,2064
qname=dhl.com.,2025-11-22T19:00:34+00:00,2064
qname=dhl.com.,2025-11-22T19:00:48+00:00,2064
qname=dhl.com.,2025-11-22T19:01:02+00:00,1768
qname=dhl.com.,2025-11-22T19:01:16+00:00,1768
qname=dhl.com.,2025-11-22T19:01:30+00:00,1556
qname=dhl.com.,2025-11-22T19:01:44+00:00,992
qname=dhl.com.,2025-11-22T19:01:58+00:00,992
qname=dhl.com.,2025-11-22T19:02:12+00:00,978
qname=dhl.com.,2025-11-22T19:05:00+00:00,820
qname=dhl.com.,2025-11-22T19:05:14+00:00,992
qname=dhl.com.,2025-11-22T19:05:28+00:00,992
qname=dhl.com.,2025-11-22T19:05:42+00:00,992
qname=dhl.com.,2025-11-22T19:05:56+00:00,992
qname=dhl.com.,2025-11-22T19:06:10+00:00,1280
qname=dhl.com.,2025-11-22T19:06:24+00:00,2224
qname=dhl.com.,2025-11-22T19:06:38+00:00,2976
qname=dhl.com.,2025-11-22T19:06:52+00:00,2976
qname=dhl.com.,2025-11-22T19:07:06+00:00,3244
qname=dhl.com.,2025-11-22T19:07:20+00:00,3472
qname=dhl.com.,2025-11-22T19:07:34+00:00,3548
qname=dhl.com.,2025-11-22T19:07:48+00:00,3548
qname=dhl.com.,2025-11-22T19:08:02+00:00,3548
qname=dhl.com.,2025-11-22T19:08:16+00:00,3548
qname=dhl.com.,2025-11-22T19:08:30+00:00,3548
qname=dhl.com.,2025-11-22T19:08:44+00:00,4245
qname=dhl.com.,2025-11-22T19:08:58+00:00,5296
qname=dhl.com.,2025-11-22T19:09:12+00:00,5344
qname=dhl.com.,2025-11-22T19:09:26+00:00,5344
qname=dhl.com.,2025-11-22T19:09:40+00:00,5968
qname=dhl.com.,2025-11-22T19:09:54+00:00,6102
qname=dhl.com.,2025-11-22T19:10:08+00:00,5344
qname=dhl.com.,2025-11-22T19:10:22+00:00,5344
qname=dhl.com.,2025-11-22T19:10:36+00:00,5344
qname=dhl.com.,2025-11-22T19:10:50+00:00,5344
qname=dhl.com.,2025-11-22T19:11:04+00:00,5344
qname=dhl.com.,2025-11-22T19:11:18+00:00,4388
qname=dhl.com.,2025-11-22T19:11:32+00:00,3360
qname=dhl.com.,2025-11-22T19:11:46+00:00,3360
qname=dhl.com.,2025-11-22T19:12:00+00:00,3360
qname=dhl.com.,2025-11-22T19:12:14+00:00,3092
qname=dhl.com.,2025-11-22T19:12:28+00:00,2788
qname=dhl.com.,2025-11-22T19:12:42+00:00,2788
qname=dhl.com.,2025-11-22T19:12:56+00:00,2788
qname=dhl.com.,2025-11-22T19:13:10+00:00,2920
qname=dhl.com.,2025-11-22T19:13:24+00:00,3212
qname=dhl.com.,2025-11-22T19:13:38+00:00,2896
qname=dhl.com.,2025-11-22T19:13:52+00:00,2004
qname=dhl.com.,2025-11-22T19:14:06+00:00,1416
qname=dhl.com.,2025-11-22T19:14:20+00:00,1416
qname=dhl.com.,2025-11-22T19:14:34+00:00,1332
qname=dhl.com.,2025-11-22T19:14:48+00:00,424
qname=dhl.com.,2025-11-22T19:15:02+00:00,424
qname=dhl.com.,2025-11-22T19:15:16+00:00,512
qname=dhl.com.,2025-11-22T19:15:30+00:00,692
qname=dhl.com.,2025-11-22T19:15:44+00:00,832
qname=dhl.com.,2025-11-22T19:15:58+00:00,1036
qname=dhl.com.,2025-11-22T19:16:12+00:00,1036
qname=dhl.com.,2025-11-22T19:16:26+00:00,1492
qname=dhl.com.,2025-11-22T19:16:40+00:00,1492
qname=dhl.com.,2025-11-22T19:16:54+00:00,1492
qname=dhl.com.,2025-11-22T19:17:08+00:00,1492
qname=dhl.com.,2025-11-22T19:17:22+00:00,1492
qname=dhl.com.,2025-11-22T19:17:36+00:00,1492
qname=dhl.com.,2025-11-22T19:17:50+00:00,1492
qname=dhl.com.,2025-11-22T19:18:04+00:00,1420
qname=dhl.com.,2025-11-22T19:18:18+00:00,1284
qname=dhl.com.,2025-11-22T19:18:32+00:00,1068
qname=dhl.com.,2025-11-22T19:18:46+00:00,1068
qname=dhl.com.,2025-11-22T19:19:00+00:00,1068
qname=dhl.com.,2025-11-22T19:19:14+00:00,1068
qname=dhl.com.,2025-11-22T19:19:28+00:00,1068
qname=dhl.com.,2025-11-22T19:19:42+00:00,1068
qname=dhl.com.,2025-11-22T19:19:56+00:00,1068
qname=dhl.com.,2025-11-22T19:20:10+00:00,1068
qname=dhl.com.,2025-11-22T19:20:24+00:00,816
qname=dhl.com.,2025-11-22T19:20:38+00:00,660
qname=dhl.com.,2025-11-22T19:20:52+00:00,456
qname=dhl.com.,2025-11-22T19:21:06+00:00,456
qname=dhl.com.,2025-11-22T19:22:58+00:00,182
qname=dhl.com.,2025-11-22T19:23:12+00:00,212
qname=dhl.com.,2025-11-22T19:23:26+00:00,1165
qname=dhl.com.,2025-11-22T19:23:40+00:00,1204
qname=dhl.com.,2025-11-22T19:23:54+00:00,2044
qname=dhl.com.,2025-11-22T19:24:08+00:00,2196
qname=dhl.com.,2025-11-22T19:24:22+00:00,2196
qname=dhl.com.,2025-11-22T19:24:36+00:00,2196
qname=dhl.com.,2025-11-22T19:24:50+00:00,2196
qname=dhl.com.,2025-11-22T19:25:04+00:00,2196
qname=dhl.com.,2025-11-22T19:25:18+00:00,2196
qname=dhl.com.,2025-11-22T19:25:32+00:00,2196
qname=dhl.com.,2025-11-22T19:25:46+00:00,2196
qname=dhl.com.,2025-11-22T19:26:00+00:00,2620
qname=dhl.com.,2025-11-22T19:26:14+00:00,3316
qname=dhl.com.,2025-11-22T19:26:28+00:00,4040
qname=dhl.com.,2025-11-22T19:26:42+00:00,4376
qname=dhl.com.,2025-11-22T19:26:56+00:00,4376
qname=dhl.com.,2025-11-22T19:27:10+00:00,5124
qname=dhl.com.,2025-11-22T19:27:24+00:00,5156
qname=dhl.com.,2025-11-22T19:27:38+00:00,5156
qname=dhl.com.,2025-11-22T19:27:52+00:00,5156
qname=dhl.com.,2025-11-22T19:28:06+00:00,4944
qname=dhl.com.,2025-11-22T19:28:20+00:00,4470
qname=dhl.com.,2025-11-22T19:28:34+00:00,3952
qname=dhl.com.,2025-11-22T19:28:48+00:00,3660
qname=dhl.com.,2025-11-22T19:29:02+00:00,2960
qname=dhl.com.,2025-11-22T19:29:16+00:00,2960
qname=dhl.com.,2025-11-22T19:29:30+00:00,2960
qname=dhl.com.,2025-11-22T19:29:44+00:00,2960
qname=dhl.com.,2025-11-22T19:29:58+00:00,2960
qname=dhl.com.,2025-11-22T19:30:12+00:00,2960
qname=dhl.com.,2025-11-22T19:30:26+00:00,2960
qname=dhl.com.,2025-11-22T19:30:40+00:00,2960
qname=dhl.com.,2025-11-22T19:30:54+00:00,2892
qname=dhl.com.,2025-11-22T19:31:08+00:00,1984
qname=dhl.com.,2025-11-22T19:31:22+00:00,1296
qname=dhl.com.,2025-11-22T19:31:36+00:00,1116
qname=dhl.com.,2025-11-22T19:31:50+00:00,780
qname=dhl.com.,2025-11-22T19:32:04+00:00,358
qname=nasdaq.com.,2025-11-22T18:56:22+00:00,68
qname=nasdaq.com.,2025-11-22T18:56:36+00:00,68
qname=nasdaq.com.,2025-11-22T18:56:50+00:00,68
qname=nasdaq.com.,2025-11-22T18:57:04+00:00,68
qname=nasdaq.com.,2025-11-22T18:57:18+00:00,68
qname=nasdaq.com.,2025-11-22T18:57:32+00:00,68
qname=nasdaq.com.,2025-11-22T18:57:46+00:00,220
qname=nasdaq.com.,2025-11-22T18:58:00+00:00,220
qname=nasdaq.com.,2025-11-22T18:58:14+00:00,220
qname=nasdaq.com.,2025-11-22T18:58:28+00:00,220
qname=nasdaq.com.,2025-11-22T18:58:42+00:00,452
qname=nasdaq.com.,2025-11-22T18:58:56+00:00,1212
qname=nasdaq.com.,2025-11-22T18:59:10+00:00,1212
qname=nasdaq.com.,2025-11-22T18:59:24+00:00,1412
qname=nasdaq.com.,2025-11-22T18:59:38+00:00,1412
qname=nasdaq.com.,2025-11-22T18:59:52+00:00,1412
qname=nasdaq.com.,2025-11-22T19:00:06+00:00,1412
qname=nasdaq.com.,2025-11-22T19:00:20+00:00,1412
qname=nasdaq.com.,2025-11-22T19:00:34+00:00,1548
qname=nasdaq.com.,2025-11-22T19:00:48+00:00,1548
qname=nasdaq.com.,2025-11-22T19:01:02+00:00,1548
qname=nasdaq.com.,2025-11-22T19:01:16+00:00,1480
qname=nasdaq.com.,2025-11-22T19:01:30+00:00,1480
qname=nasdaq.com.,2025-11-22T19:01:44+00:00,1480
qname=nasdaq.com.,2025-11-22T19:01:58+00:00,1480
qname=nasdaq.com.,2025-11-22T19:02:12+00:00,1480
qname=nasdaq.com.,2025-11-22T19:02:26+00:00,1480
qname=nasdaq.com.,2025-11-22T19:02:40+00:00,1386
qname=nasdaq.com.,2025-11-22T19:02:54+00:00,1328
qname=nasdaq.com.,2025-11-22T19:03:08+00:00,1328
qname=nasdaq.com.,2025-11-22T19:03:22+00:00,1328
qname=nasdaq.com.,2025-11-22T19:03:36+00:00,1328
qname=nasdaq.com.,2025-11-22T19:03:50+00:00,384
qname=nasdaq.com.,2025-11-22T19:04:04+00:00,336
qname=nasdaq.com.,2025-11-22T19:04:18+00:00,336
qname=nasdaq.com.,2025-11-22T19:04:32+00:00,136
qname=nasdaq.com.,2025-11-22T19:04:46+00:00,136
qname=nasdaq.com.,2025-11-22T19:05:00+00:00,136
qname=nasdaq.com.,2025-11-22T19:05:14+00:00,136
qname=nasdaq.com.,2025-11-22T19:05:28+00:00,578
qname=nasdaq.com.,2025-11-22T19:05:42+00:00,992
qname=nasdaq.com.,2025-11-22T19:05:56+00:00,992
qname=nasdaq.com.,2025-11-22T19:06:10+00:00,1164
qname=nasdaq.com.,2025-11-22T19:06:24+00:00,1368
qname=nasdaq.com.,2025-11-22T19:06:38+00:00,1368
qname=nasdaq.com.,2025-11-22T19:06:52+00:00,1368
qname=nasdaq.com.,2025-11-22T19:07:06+00:00,1368
qname=nasdaq.com.,2025-11-22T19:07:20+00:00,1368
qname=nasdaq.com.,2025-11-22T19:07:34+00:00,1368
qname=nasdaq.com.,2025-11-22T19:07:48+00:00,1368
qname=nasdaq.com.,2025-11-22T19:08:02+00:00,1368
qname=nasdaq.com.,2025-11-22T19:08:16+00:00,1368
qname=nasdaq.com.,2025-11-22T19:08:30+00:00,1368
qname=nasdaq.com.,2025-11-22T19:08:44+00:00,1368
qname=nasdaq.com.,2025-11-22T19:08:58+00:00,1368
qname=nasdaq.com.,2025-11-22T19:09:12+00:00,1368
qname=nasdaq.com.,2025-11-22T19:09:26+00:00,1368
qname=nasdaq.com.,2025-11-22T19:09:40+00:00,1720
qname=nasdaq.com.,2025-11-22T19:09:54+00:00,1720
qname=nasdaq.com.,2025-11-22T19:10:08+00:00,1720
qname=nasdaq.com.,2025-11-22T19:10:22+00:00,1802
qname=nasdaq.com.,2025-11-22T19:10:36+00:00,848
qname=nasdaq.com.,2025-11-22T19:10:50+00:00,848
qname=nasdaq.com.,2025-11-22T19:11:04+00:00,752
qname=nasdaq.com.,2025-11-22T19:11:18+00:00,636
qname=nasdaq.com.,2025-11-22T19:11:32+00:00,472
qname=nasdaq.com.,2025-11-22T19:11:46+00:00,1308
qname=nasdaq.com.,2025-11-22T19:12:00+00:00,1464
qname=nasdaq.com.,2025-11-22T19:12:14+00:00,1464
qname=nasdaq.com.,2025-11-22T19:12:28+00:00,1464
qname=nasdaq.com.,2025-11-22T19:12:42+00:00,1464
qname=nasdaq.com.,2025-11-22T19:12:56+00:00,1696
qname=nasdaq.com.,2025-11-22T19:13:10+00:00,1696
qname=nasdaq.com.,2025-11-22T19:13:24+00:00,1696
qname=nasdaq.com.,2025-11-22T19:13:38+00:00,1696
qname=nasdaq.com.,2025-11-22T19:13:52+00:00,1696
qname=nasdaq.com.,2025-11-22T19:14:06+00:00,1696
qname=nasdaq.com.,2025-11-22T19:14:20+00:00,1696
qname=nasdaq.com.,2025-11-22T19:14:34+00:00,1344
qname=nasdaq.com.,2025-11-22T19:14:48+00:00,2152
qname=nasdaq.com.,2025-11-22T19:15:02+00:00,2152
qname=nasdaq.com.,2025-11-22T19:15:16+00:00,2080
qname=nasdaq.com.,2025-11-22T19:15:30+00:00,2032
qname=nasdaq.com.,2025-11-22T19:15:44+00:00,2032
qname=nasdaq.com.,2025-11-22T19:15:58+00:00,2032
qname=nasdaq.com.,2025-11-22T19:16:12+00:00,2032
qname=nasdaq.com.,2025-11-22T19:16:26+00:00,2032
qname=nasdaq.com.,2025-11-22T19:16:40+00:00,1728
qname=nasdaq.com.,2025-11-22T19:16:54+00:00,1040
qname=nasdaq.com.,2025-11-22T19:17:08+00:00,1112
qname=nasdaq.com.,2025-11-22T19:17:22+00:00,1112
qname=nasdaq.com.,2025-11-22T19:17:36+00:00,1112
qname=nasdaq.com.,2025-11-22T19:17:50+00:00,932
qname=nasdaq.com.,2025-11-22T19:18:04+00:00,880
qname=nasdaq.com.,2025-11-22T19:18:18+00:00,880
qname=nasdaq.com.,2025-11-22T19:18:32+00:00,880
qname=nasdaq.com.,2025-11-22T19:18:46+00:00,1676
qname=nasdaq.com.,2025-11-22T19:19:00+00:00,1680
qname=nasdaq.com.,2025-11-22T19:19:14+00:00,1680
qname=nasdaq.com.,2025-11-22T19:19:28+00:00,1680
qname=nasdaq.com.,2025-11-22T19:19:42+00:00,1100
qname=nasdaq.com.,2025-11-22T19:19:56+00:00,872
qname=nasdaq.com.,2025-11-22T19:20:10+00:00,872
qname=nasdaq.com.,2025-11-22T19:20:24+00:00,872
qname=nasdaq.com.,2025-11-22T19:20:38+00:00,872
qname=nasdaq.com.,2025-11-22T19:20:52+00:00,872
qname=nasdaq.com.,2025-11-22T19:21:06+00:00,872
qname=nasdaq.com.,2025-11-22T19:21:20+00:00,872
qname=nasdaq.com.,2025-11-22T19:21:34+00:00,872
qname=nasdaq.com.,2025-11-22T19:21:48+00:00,872
qname=nasdaq.com.,2025-11-22T19:22:02+00:00,854
qname=nasdaq.com.,2025-11-22T19:22:16+00:00,800
qname=nasdaq.com.,2025-11-22T19:22:30+00:00,800
qname=nasdaq.com.,2025-11-22T19:22:44+00:00,800
qname=nasdaq.com.,2025-11-22T19:22:58+00:00,800
qname=nasdaq.com.,2025-11-22T19:23:12+00:00,800
qname=nasdaq.com.,2025-11-22T19:23:26+00:00,800
qname=nasdaq.com.,2025-11-22T19:23:40+00:00,268
qname=nasdaq.com.,2025-11-22T19:24:22+00:00,292
qname=nasdaq.com.,2025-11-22T19:24:36+00:00,292
qname=nasdaq.com.,2025-11-22T19:24:50+00:00,292
qname=nasdaq.com.,2025-11-22T19:25:04+00:00,292
qname=nasdaq.com.,2025-11-22T19:25:18+00:00,292
qname=nasdaq.com.,2025-11-22T19:25:32+00:00,292
qname=nasdaq.com.,2025-11-22T19:25:46+00:00,292
qname=nasdaq.com.,2025-11-22T19:26:00+00:00,292
qname=nasdaq.com.,2025-11-22T19:26:14+00:00,292
qname=nasdaq.com.,2025-11-22T19:26:28+00:00,292
qname=nasdaq.com.,2025-11-22T19:26:42+00:00,292
qname=nasdaq.com.,2025-11-22T19:26:56+00:00,292
qname=nasdaq.com.,2025-11-22T19:27:10+00:00,292
qname=nasdaq.com.,2025-11-22T19:27:24+00:00,292
qname=nasdaq.com.,2025-11-22T19:27:38+00:00,292
qname=nasdaq.com.,2025-11-22T19:27:52+00:00,292
qname=nasdaq.com.,2025-11-22T19:28:06+00:00,484
qname=nasdaq.com.,2025-11-22T19:28:20+00:00,484
qname=nasdaq.com.,2025-11-22T19:28:34+00:00,484
qname=nasdaq.com.,2025-11-22T19:28:48+00:00,484
qname=nasdaq.com.,2025-11-22T19:29:02+00:00,484
qname=nasdaq.com.,2025-11-22T19:29:16+00:00,192
qname=nasdaq.com.,2025-11-22T19:29:30+00:00,192
qname=nasdaq.com.,2025-11-22T19:29:44+00:00,192
qname=nasdaq.com.,2025-11-22T19:29:58+00:00,480
qname=nasdaq.com.,2025-11-22T19:30:12+00:00,480
qname=nasdaq.com.,2025-11-22T19:30:26+00:00,480
qname=nasdaq.com.,2025-11-22T19:30:40+00:00,556
qname=nasdaq.com.,2025-11-22T19:30:54+00:00,776
qname=nasdaq.com.,2025-11-22T19:31:08+00:00,976
qname=nasdaq.com.,2025-11-22T19:31:22+00:00,976
qname=nasdaq.com.,2025-11-22T19:31:36+00:00,976
qname=nasdaq.com.,2025-11-22T19:31:50+00:00,976
qname=nasdaq.com.,2025-11-22T19:32:04+00:00,976
qname=nasdaq.com.,2025-11-22T19:32:18+00:00,976
qname=nasdaq.com.,2025-11-22T19:32:32+00:00,976
qname=nasdaq.com.,2025-11-22T19:32:46+00:00,976
qname=nasdaq.com.,2025-11-22T19:33:00+00:00,784
qname=nasdaq.com.,2025-11-22T19:33:14+00:00,1000
qname=nasdaq.com.,2025-11-22T19:33:28+00:00,1000
qname=nasdaq.com.,2025-11-22T19:33:42+00:00,1000
qname=nasdaq.com.,2025-11-22T19:33:56+00:00,1000
qname=nasdaq.com.,2025-11-22T19:34:10+00:00,1000
qname=nasdaq.com.,2025-11-22T19:34:24+00:00,1000
qname=nasdaq.com.,2025-11-22T19:34:38+00:00,1000
qname=nasdaq.com.,2025-11-22T19:34:52+00:00,1000
qname=nasdaq.com.,2025-11-22T19:35:06+00:00,712
qname=scb.se.,2025-11-22T18:52:24+00:00,880
qname=scb.se.,2025-11-22T18:52:38+00:00,992
qname=scb.se.,2025-11-22T18:52:52+00:00,992
qname=scb.se.,2025-11-22T18:53:06+00:00,992
qname=scb.se.,2025-11-22T18:53:20+00:00,992
qname=scb.se.,2025-11-22T18:53:34+00:00,992
qname=scb.se.,2025-11-22T18:53:48+00:00,992
qname=scb.se.,2025-11-22T18:54:02+00:00,1240
qname=scb.se.,2025-11-22T18:54:16+00:00,1984
qname=scb.se.,2025-11-22T18:54:30+00:00,1984
qname=scb.se.,2025-11-22T18:54:44+00:00,1984
qname=scb.se.,2025-11-22T18:54:58+00:00,1984
qname=scb.se.,2025-11-22T18:55:12+00:00,1984
qname=scb.se.,2025-11-22T18:55:26+00:00,1984
qname=scb.se.,2025-11-22T18:55:40+00:00,1984
qname=scb.se.,2025-11-22T18:55:54+00:00,2976
qname=scb.se.,2025-11-22T18:56:08+00:00,2976
qname=scb.se.,2025-11-22T18:56:22+00:00,3892
qname=scb.se.,2025-11-22T18:56:36+00:00,3968
qname=scb.se.,2025-11-22T18:56:50+00:00,3968
qname=scb.se.,2025-11-22T18:57:04+00:00,3968
qname=scb.se.,2025-11-22T18:57:18+00:00,3620
qname=scb.se.,2025-11-22T18:57:32+00:00,2976
qname=scb.se.,2025-11-22T18:57:46+00:00,2976
qname=scb.se.,2025-11-22T18:58:00+00:00,2976
qname=scb.se.,2025-11-22T18:58:14+00:00,2976
qname=scb.se.,2025-11-22T18:58:28+00:00,2976
qname=scb.se.,2025-11-22T18:58:42+00:00,2976
qname=scb.se.,2025-11-22T18:58:56+00:00,3088
qname=scb.se.,2025-11-22T18:59:10+00:00,2892
qname=scb.se.,2025-11-22T18:59:24+00:00,3588
qname=scb.se.,2025-11-22T18:59:38+00:00,4580
qname=scb.se.,2025-11-22T18:59:52+00:00,4580
qname=scb.se.,2025-11-22T19:00:06+00:00,4580
qname=scb.se.,2025-11-22T19:00:20+00:00,4580
qname=scb.se.,2025-11-22T19:00:34+00:00,4580
qname=scb.se.,2025-11-22T19:00:48+00:00,3976
qname=scb.se.,2025-11-22T19:01:02+00:00,3588
qname=scb.se.,2025-11-22T19:01:16+00:00,3196
qname=scb.se.,2025-11-22T19:01:30+00:00,2596
qname=scb.se.,2025-11-22T19:01:44+00:00,2596
qname=scb.se.,2025-11-22T19:01:58+00:00,2596
qname=scb.se.,2025-11-22T19:02:12+00:00,2596
qname=scb.se.,2025-11-22T19:02:26+00:00,2596
qname=scb.se.,2025-11-22T19:02:40+00:00,2596
qname=scb.se.,2025-11-22T19:02:54+00:00,2596
qname=scb.se.,2025-11-22T19:03:08+00:00,2596
qname=scb.se.,2025-11-22T19:03:22+00:00,2596
qname=scb.se.,2025-11-22T19:03:36+00:00,2596
qname=scb.se.,2025-11-22T19:03:50+00:00,2596
qname=scb.se.,2025-11-22T19:04:04+00:00,1882
qname=scb.se.,2025-11-22T19:04:18+00:00,1162
qname=scb.se.,2025-11-22T19:04:32+00:00,296
qname=scb.se.,2025-11-22T19:07:20+00:00,992
qname=scb.se.,2025-11-22T19:07:34+00:00,992
qname=scb.se.,2025-11-22T19:07:48+00:00,992
qname=scb.se.,2025-11-22T19:08:02+00:00,992
qname=scb.se.,2025-11-22T19:08:16+00:00,992
qname=scb.se.,2025-11-22T19:08:30+00:00,992
qname=scb.se.,2025-11-22T19:08:44+00:00,992
qname=scb.se.,2025-11-22T19:08:58+00:00,992
qname=scb.se.,2025-11-22T19:09:12+00:00,1636
qname=scb.se.,2025-11-22T19:09:26+00:00,1760
qname=scb.se.,2025-11-22T19:09:40+00:00,1760
qname=scb.se.,2025-11-22T19:09:54+00:00,2200
qname=scb.se.,2025-11-22T19:10:08+00:00,2564
qname=scb.se.,2025-11-22T19:10:22+00:00,2564
qname=scb.se.,2025-11-22T19:10:36+00:00,2564
qname=scb.se.,2025-11-22T19:10:50+00:00,2564
qname=scb.se.,2025-11-22T19:11:04+00:00,2564
qname=scb.se.,2025-11-22T19:11:18+00:00,2564
qname=scb.se.,2025-11-22T19:11:32+00:00,2564
qname=scb.se.,2025-11-22T19:11:46+00:00,2564
qname=scb.se.,2025-11-22T19:12:00+00:00,2564
qname=scb.se.,2025-11-22T19:12:14+00:00,1892
qname=scb.se.,2025-11-22T19:12:28+00:00,1572
qname=scb.se.,2025-11-22T19:12:42+00:00,2064
qname=scb.se.,2025-11-22T19:12:56+00:00,2564
qname=scb.se.,2025-11-22T19:13:10+00:00,2564
qname=scb.se.,2025-11-22T19:13:24+00:00,2564
qname=scb.se.,2025-11-22T19:13:38+00:00,2788
qname=scb.se.,2025-11-22T19:13:52+00:00,2788
qname=scb.se.,2025-11-22T19:14:06+00:00,2572
qname=scb.se.,2025-11-22T19:14:20+00:00,2020
qname=scb.se.,2025-11-22T19:14:34+00:00,2020
qname=scb.se.,2025-11-22T19:14:48+00:00,2016
qname=scb.se.,2025-11-22T19:15:02+00:00,1220
qname=scb.se.,2025-11-22T19:15:16+00:00,1216
qname=scb.se.,2025-11-22T19:15:30+00:00,1216
qname=scb.se.,2025-11-22T19:15:44+00:00,1216
qname=scb.se.,2025-11-22T19:15:58+00:00,1216
qname=scb.se.,2025-11-22T19:16:12+00:00,1216
qname=scb.se.,2025-11-22T19:16:26+00:00,1216
qname=scb.se.,2025-11-22T19:16:40+00:00,1724
qname=scb.se.,2025-11-22T19:16:54+00:00,2208
qname=scb.se.,2025-11-22T19:17:08+00:00,2208
qname=scb.se.,2025-11-22T19:17:22+00:00,2208
qname=scb.se.,2025-11-22T19:17:36+00:00,2208
qname=scb.se.,2025-11-22T19:17:50+00:00,1216
qname=scb.se.,2025-11-22T19:18:04+00:00,1216
qname=scb.se.,2025-11-22T19:18:18+00:00,1216
qname=scb.se.,2025-11-22T19:18:32+00:00,1336
qname=scb.se.,2025-11-22T19:18:46+00:00,1264
qname=scb.se.,2025-11-22T19:19:00+00:00,1272
qname=scb.se.,2025-11-22T19:19:14+00:00,1272
qname=scb.se.,2025-11-22T19:19:28+00:00,1272
qname=scb.se.,2025-11-22T19:19:42+00:00,1272
qname=scb.se.,2025-11-22T19:19:56+00:00,1272
qname=scb.se.,2025-11-22T19:20:10+00:00,1464
qname=scb.se.,2025-11-22T19:20:24+00:00,1464
qname=scb.se.,2025-11-22T19:20:38+00:00,1464
qname=scb.se.,2025-11-22T19:20:52+00:00,1464
qname=scb.se.,2025-11-22T19:21:06+00:00,1464
qname=scb.se.,2025-11-22T19:21:20+00:00,1464
qname=scb.se.,2025-11-22T19:21:34+00:00,1464
qname=scb.se.,2025-11-22T19:21:48+00:00,472
qname=scb.se.,2025-11-22T19:22:02+00:00,472
qname=scb.se.,2025-11-22T19:22:16+00:00,472
qname=scb.se.,2025-11-22T19:22:30+00:00,788
qname=scb.se.,2025-11-22T19:22:44+00:00,788
qname=scb.se.,2025-11-22T19:22:58+00:00,788
qname=scb.se.,2025-11-22T19:23:12+00:00,788
qname=scb.se.,2025-11-22T19:23:26+00:00,788
qname=scb.se.,2025-11-22T19:23:40+00:00,1564
qname=scb.se.,2025-11-22T19:23:54+00:00,1500
qname=scb.se.,2025-11-22T19:24:08+00:00,2280
qname=scb.se.,2025-11-22T19:24:22+00:00,2492
qname=scb.se.,2025-11-22T19:24:36+00:00,2492
qname=scb.se.,2025-11-22T19:24:50+00:00,2492
qname=scb.se.,2025-11-22T19:25:04+00:00,2300
qname=scb.se.,2025-11-22T19:25:18+00:00,2300
qname=scb.se.,2025-11-22T19:25:32+00:00,2300
qname=scb.se.,2025-11-22T19:25:46+00:00,2614
qname=scb.se.,2025-11-22T19:26:00+00:00,3292
qname=scb.se.,2025-11-22T19:26:14+00:00,3292
qname=scb.se.,2025-11-22T19:26:28+00:00,3292
qname=scb.se.,2025-11-22T19:26:42+00:00,3292
qname=scb.se.,2025-11-22T19:26:56+00:00,3292
qname=scb.se.,2025-11-22T19:27:10+00:00,3292
qname=scb.se.,2025-11-22T19:27:24+00:00,3292
qname=scb.se.,2025-11-22T19:27:38+00:00,2988
qname=scb.se.,2025-11-22T19:27:52+00:00,3272
qname=scb.se.,2025-11-22T19:28:06+00:00,3272
qname=scb.se.,2025-11-22T19:28:20+00:00,3272
qname=scb.se.,2025-11-22T19:28:34+00:00,2872
qname=scb.se.,2025-11-22T19:28:48+00:00,2280
qname=scb.se.,2025-11-22T19:29:02+00:00,2368
qname=scb.se.,2025-11-22T19:29:16+00:00,2280
qname=scb.se.,2025-11-22T19:29:30+00:00,2280
qname=scb.se.,2025-11-22T19:29:44+00:00,2280
qname=scb.se.,2025-11-22T19:29:58+00:00,2280
qname=scb.se.,2025-11-22T19:30:12+00:00,2280
qname=scb.se.,2025-11-22T19:30:26+00:00,2280
qname=scb.se.,2025-11-22T19:30:40+00:00,2280
qname=scb.se.,2025-11-22T19:30:54+00:00,2012
qname=scb.se.,2025-11-22T19:31:08+00:00,2068
qname=scb.se.,2025-11-22T19:31:22+00:00,2372
qname=scb.se.,2025-11-22T19:31:36+00:00,2372
qname=scb.se.,2025-11-22T19:31:50+00:00,2372
qname=scb.se.,2025-11-22T19:32:04+00:00,2372
qname=scb.se.,2025-11-22T19:32:18+00:00,2372
qname=scb.se.,2025-11-22T19:32:32+00:00,2372
qname=scb.se.,2025-11-22T19:32:46+00:00,2076
qname=scb.se.,2025-11-22T19:33:00+00:00,2322
qname=scb.se.,2025-11-22T19:33:14+00:00,3100
qname=scb.se.,2025-11-22T19:33:28+00:00,3868
qname=scb.se.,2025-11-22T19:33:42+00:00,3880
qname=scb.se.,2025-11-22T19:33:56+00:00,4860
qname=scb.se.,2025-11-22T19:34:10+00:00,3886
qname=scb.se.,2025-11-22T19:34:24+00:00,3868
qname=scb.se.,2025-11-22T19:34:38+00:00,3868
qname=scb.se.,2025-11-22T19:34:52+00:00,3868
qname=scb.se.,2025-11-22T19:35:06+00:00,3868
qname=sony.com.,2025-11-22T18:52:38+00:00,212
qname=sony.com.,2025-11-22T18:52:52+00:00,212
qname=sony.com.,2025-11-22T18:53:06+00:00,212
qname=sony.com.,2025-11-22T18:53:20+00:00,212
qname=sony.com.,2025-11-22T18:53:34+00:00,212
qname=sony.com.,2025-11-22T18:53:48+00:00,212
qname=sony.com.,2025-11-22T18:54:02+00:00,212
qname=sony.com.,2025-11-22T18:54:16+00:00,212
qname=sony.com.,2025-11-22T18:54:30+00:00,212
qname=sony.com.,2025-11-22T18:54:44+00:00,212
qname=sony.com.,2025-11-22T18:54:58+00:00,212
qname=sony.com.,2025-11-22T18:55:12+00:00,212
qname=sony.com.,2025-11-22T18:55:26+00:00,212
qname=sony.com.,2025-11-22T18:55:40+00:00,212
qname=sony.com.,2025-11-22T18:55:54+00:00,212
qname=sony.com.,2025-11-22T18:56:08+00:00,212
qname=sony.com.,2025-11-22T18:56:22+00:00,212
qname=sony.com.,2025-11-22T18:56:36+00:00,212
qname=sony.com.,2025-11-22T18:56:50+00:00,212
qname=sony.com.,2025-11-22T18:57:04+00:00,212
qname=sony.com.,2025-11-22T18:57:18+00:00,440
qname=sony.com.,2025-11-22T18:57:32+00:00,228
qname=sony.com.,2025-11-22T18:57:46+00:00,228
qname=sony.com.,2025-11-22T18:58:00+00:00,508
qname=sony.com.,2025-11-22T18:58:14+00:00,508
qname=sony.com.,2025-11-22T18:58:28+00:00,508
qname=sony.com.,2025-11-22T18:58:42+00:00,508
qname=sony.com.,2025-11-22T18:58:56+00:00,508
qname=sony.com.,2025-11-22T18:59:10+00:00,712
qname=sony.com.,2025-11-22T18:59:24+00:00,712
qname=sony.com.,2025-11-22T18:59:38+00:00,712
qname=sony.com.,2025-11-22T18:59:52+00:00,712
qname=sony.com.,2025-11-22T19:00:06+00:00,712
qname=sony.com.,2025-11-22T19:00:20+00:00,712
qname=sony.com.,2025-11-22T19:00:34+00:00,712
qname=sony.com.,2025-11-22T19:00:48+00:00,712
qname=sony.com.,2025-11-22T19:01:02+00:00,712
qname=sony.com.,2025-11-22T19:01:16+00:00,892
qname=sony.com.,2025-11-22T19:01:30+00:00,892
qname=sony.com.,2025-11-22T19:01:44+00:00,892
qname=sony.com.,2025-11-22T19:01:58+00:00,892
qname=sony.com.,2025-11-22T19:02:12+00:00,664
qname=sony.com.,2025-11-22T19:02:26+00:00,664
qname=sony.com.,2025-11-22T19:02:40+00:00,664
qname=sony.com.,2025-11-22T19:02:54+00:00,554
qname=sony.com.,2025-11-22T19:03:08+00:00,384
qname=sony.com.,2025-11-22T19:03:22+00:00,384
qname=sony.com.,2025-11-22T19:03:36+00:00,384
qname=sony.com.,2025-11-22T19:03:50+00:00,384
qname=sony.com.,2025-11-22T19:04:04+00:00,384
qname=sony.com.,2025-11-22T19:04:18+00:00,180
qname=sony.com.,2025-11-22T19:04:32+00:00,180
qname=sony.com.,2025-11-22T19:04:46+00:00,180
qname=sony.com.,2025-11-22T19:05:00+00:00,180
qname=sony.com.,2025-11-22T19:05:14+00:00,180
qname=sony.com.,2025-11-22T19:05:28+00:00,180
qname=sony.com.,2025-11-22T19:05:42+00:00,700
qname=sony.com.,2025-11-22T19:05:56+00:00,1172
qname=sony.com.,2025-11-22T19:06:10+00:00,992
qname=sony.com.,2025-11-22T19:06:24+00:00,992
qname=sony.com.,2025-11-22T19:06:38+00:00,1112
qname=sony.com.,2025-11-22T19:06:52+00:00,1984
qname=sony.com.,2025-11-22T19:07:06+00:00,1984
qname=sony.com.,2025-11-22T19:07:20+00:00,1984
qname=sony.com.,2025-11-22T19:07:34+00:00,1984
qname=sony.com.,2025-11-22T19:07:48+00:00,1984
qname=sony.com.,2025-11-22T19:08:02+00:00,1984
qname=sony.com.,2025-11-22T19:08:16+00:00,1984
qname=sony.com.,2025-11-22T19:08:30+00:00,2728
qname=sony.com.,2025-11-22T19:08:44+00:00,2768
qname=sony.com.,2025-11-22T19:08:58+00:00,2768
qname=sony.com.,2025-11-22T19:09:12+00:00,2768
qname=sony.com.,2025-11-22T19:09:26+00:00,2768
qname=sony.com.,2025-11-22T19:09:40+00:00,2768
qname=sony.com.,2025-11-22T19:09:54+00:00,2768
qname=sony.com.,2025-11-22T19:10:08+00:00,2768
qname=sony.com.,2025-11-22T19:10:22+00:00,2768
qname=sony.com.,2025-11-22T19:10:36+00:00,2768
qname=sony.com.,2025-11-22T19:10:50+00:00,1776
qname=sony.com.,2025-11-22T19:11:04+00:00,1776
qname=sony.com.,2025-11-22T19:11:18+00:00,1776
qname=sony.com.,2025-11-22T19:11:32+00:00,1776
qname=sony.com.,2025-11-22T19:11:46+00:00,852
qname=sony.com.,2025-11-22T19:12:00+00:00,992
qname=sony.com.,2025-11-22T19:12:14+00:00,992
qname=sony.com.,2025-11-22T19:12:28+00:00,992
qname=sony.com.,2025-11-22T19:12:42+00:00,992
qname=sony.com.,2025-11-22T19:12:56+00:00,992
qname=sony.com.,2025-11-22T19:13:10+00:00,992
qname=sony.com.,2025-11-22T19:13:24+00:00,556
qname=sony.com.,2025-11-22T19:13:38+00:00,208
qname=sony.com.,2025-11-22T19:13:52+00:00,208
qname=sony.com.,2025-11-22T19:14:06+00:00,208
qname=sony.com.,2025-11-22T19:14:20+00:00,208
qname=sony.com.,2025-11-22T19:14:34+00:00,208
qname=sony.com.,2025-11-22T19:14:48+00:00,208
qname=sony.com.,2025-11-22T19:15:02+00:00,314
qname=sony.com.,2025-11-22T19:15:16+00:00,412
qname=sony.com.,2025-11-22T19:15:30+00:00,1103
qname=sony.com.,2025-11-22T19:15:44+00:00,1228
qname=sony.com.,2025-11-22T19:15:58+00:00,1228
qname=sony.com.,2025-11-22T19:16:12+00:00,1228
qname=sony.com.,2025-11-22T19:16:26+00:00,1228
qname=sony.com.,2025-11-22T19:16:40+00:00,1228
qname=sony.com.,2025-11-22T19:16:54+00:00,1300
qname=sony.com.,2025-11-22T19:17:08+00:00,1812
qname=sony.com.,2025-11-22T19:17:22+00:00,1812
qname=sony.com.,2025-11-22T19:17:36+00:00,1812
qname=sony.com.,2025-11-22T19:17:50+00:00,1812
qname=sony.com.,2025-11-22T19:18:04+00:00,1952
qname=sony.com.,2025-11-22T19:18:18+00:00,2632
qname=sony.com.,2025-11-22T19:18:32+00:00,2632
qname=sony.com.,2025-11-22T19:18:46+00:00,2632
qname=sony.com.,2025-11-22T19:19:00+00:00,2632
qname=sony.com.,2025-11-22T19:19:14+00:00,3720
qname=sony.com.,2025-11-22T19:19:28+00:00,3920
qname=sony.com.,2025-11-22T19:19:42+00:00,3920
qname=sony.com.,2025-11-22T19:19:56+00:00,3920
qname=sony.com.,2025-11-22T19:20:10+00:00,3716
qname=sony.com.,2025-11-22T19:20:24+00:00,3514
qname=sony.com.,2025-11-22T19:20:38+00:00,3032
qname=sony.com.,2025-11-22T19:20:52+00:00,3032
qname=sony.com.,2025-11-22T19:21:06+00:00,3032
qname=sony.com.,2025-11-22T19:21:20+00:00,3032
qname=sony.com.,2025-11-22T19:21:34+00:00,3032
qname=sony.com.,2025-11-22T19:21:48+00:00,3032
qname=sony.com.,2025-11-22T19:22:02+00:00,2268
qname=sony.com.,2025-11-22T19:22:16+00:00,2240
qname=sony.com.,2025-11-22T19:22:30+00:00,2240
qname=sony.com.,2025-11-22T19:22:44+00:00,2240
qname=sony.com.,2025-11-22T19:22:58+00:00,2240
qname=sony.com.,2025-11-22T19:23:12+00:00,1520
qname=sony.com.,2025-11-22T19:23:26+00:00,1420
qname=sony.com.,2025-11-22T19:23:40+00:00,1440
qname=sony.com.,2025-11-22T19:23:54+00:00,1708
qname=sony.com.,2025-11-22T19:24:08+00:00,1170
qname=sony.com.,2025-11-22T19:24:22+00:00,420
qname=sony.com.,2025-11-22T19:24:36+00:00,1004
qname=sony.com.,2025-11-22T19:24:50+00:00,1728
qname=sony.com.,2025-11-22T19:25:04+00:00,1728
qname=sony.com.,2025-11-22T19:25:18+00:00,1596
qname=sony.com.,2025-11-22T19:25:32+00:00,1596
qname=sony.com.,2025-11-22T19:25:46+00:00,1596
qname=sony.com.,2025-11-22T19:26:00+00:00,1596
qname=sony.com.,2025-11-22T19:26:14+00:00,1596
qname=sony.com.,2025-11-22T19:26:28+00:00,1596
qname=sony.com.,2025-11-22T19:26:42+00:00,1596
qname=sony.com.,2025-11-22T19:26:56+00:00,1596
qname=sony.com.,2025-11-22T19:27:10+00:00,1596
qname=sony.com.,2025-11-22T19:27:24+00:00,1616
qname=sony.com.,2025-11-22T19:27:38+00:00,1792
qname=sony.com.,2025-11-22T19:27:52+00:00,1792
qname=sony.com.,2025-11-22T19:28:06+00:00,1792
qname=sony.com.,2025-11-22T19:28:20+00:00,1792
qname=sony.com.,2025-11-22T19:28:34+00:00,1792
qname=sony.com.,2025-11-22T19:28:48+00:00,1504
qname=sony.com.,2025-11-22T19:29:02+00:00,1504
qname=sony.com.,2025-11-22T19:29:16+00:00,1504
qname=sony.com.,2025-11-22T19:29:30+00:00,1478
qname=sony.com.,2025-11-22T19:29:44+00:00,524
qname=sony.com.,2025-11-22T19:29:58+00:00,524
qname=sony.com.,2025-11-22T19:30:12+00:00,688
qname=sony.com.,2025-11-22T19:30:26+00:00,728
qname=sony.com.,2025-11-22T19:30:40+00:00,728
qname=sony.com.,2025-11-22T19:30:54+00:00,728
qname=sony.com.,2025-11-22T19:31:08+00:00,728
qname=sony.com.,2025-11-22T19:31:22+00:00,728
qname=sony.com.,2025-11-22T19:31:36+00:00,728
qname=sony.com.,2025-11-22T19:31:50+00:00,728
qname=sony.com.,2025-11-22T19:32:04+00:00,728
qname=sony.com.,2025-11-22T19:32:18+00:00,728
qname=sony.com.,2025-11-22T19:32:32+00:00,532
qname=sony.com.,2025-11-22T19:32:46+00:00,532
qname=sony.com.,2025-11-22T19:33:00+00:00,532
qname=sony.com.,2025-11-22T19:33:14+00:00,532
qname=sony.com.,2025-11-22T19:33:28+00:00,532
qname=sony.com.,2025-11-22T19:33:42+00:00,620
qname=sony.com.,2025-11-22T19:33:56+00:00,800
qname=sony.com.,2025-11-22T19:34:10+00:00,800
qname=sony.com.,2025-11-22T19:34:24+00:00,800
qname=sony.com.,2025-11-22T19:34:38+00:00,800
qname=sony.com.,2025-11-22T19:34:52+00:00,472
qname=sony.com.,2025-11-22T19:35:06+00:00,472
qname=up.pt.,2025-11-22T18:52:52+00:00,212
qname=up.pt.,2025-11-22T18:53:06+00:00,212
qname=up.pt.,2025-11-22T18:53:20+00:00,212
qname=up.pt.,2025-11-22T18:53:34+00:00,212
qname=up.pt.,2025-11-22T18:53:48+00:00,212
qname=up.pt.,2025-11-22T18:54:02+00:00,212
qname=up.pt.,2025-11-22T18:54:16+00:00,212
qname=up.pt.,2025-11-22T18:54:30+00:00,212
qname=up.pt.,2025-11-22T18:54:44+00:00,212
qname=up.pt.,2025-11-22T18:54:58+00:00,212
qname=up.pt.,2025-11-22T18:55:12+00:00,212
qname=up.pt.,2025-11-22T18:55:26+00:00,212
qname=up.pt.,2025-11-22T18:55:40+00:00,212
qname=up.pt.,2025-11-22T18:55:54+00:00,212
qname=up.pt.,2025-11-22T18:56:08+00:00,932
qname=up.pt.,2025-11-22T18:56:22+00:00,1012
qname=up.pt.,2025-11-22T18:56:36+00:00,1012
qname=up.pt.,2025-11-22T18:56:50+00:00,1012
qname=up.pt.,2025-11-22T18:57:04+00:00,1012
qname=up.pt.,2025-11-22T18:57:18+00:00,1012
qname=up.pt.,2025-11-22T18:57:32+00:00,1012
qname=up.pt.,2025-11-22T18:57:46+00:00,1184
qname=up.pt.,2025-11-22T18:58:00+00:00,1792
qname=up.pt.,2025-11-22T18:58:14+00:00,1792
qname=up.pt.,2025-11-22T18:58:28+00:00,1792
qname=up.pt.,2025-11-22T18:58:42+00:00,1792
qname=up.pt.,2025-11-22T18:58:56+00:00,1792
qname=up.pt.,2025-11-22T18:59:10+00:00,1792
qname=up.pt.,2025-11-22T18:59:24+00:00,1792
qname=up.pt.,2025-11-22T18:59:38+00:00,1792
qname=up.pt.,2025-11-22T18:59:52+00:00,2784
qname=up.pt.,2025-11-22T19:00:06+00:00,2784
qname=up.pt.,2025-11-22T19:00:20+00:00,2784
qname=up.pt.,2025-11-22T19:00:34+00:00,2784
qname=up.pt.,2025-11-22T19:00:48+00:00,2784
qname=up.pt.,2025-11-22T19:01:02+00:00,2456
qname=up.pt.,2025-11-22T19:01:16+00:00,1984
qname=up.pt.,2025-11-22T19:01:30+00:00,1984
qname=up.pt.,2025-11-22T19:01:44+00:00,1984
qname=up.pt.,2025-11-22T19:01:58+00:00,1984
qname=up.pt.,2025-11-22T19:02:12+00:00,1984
qname=up.pt.,2025-11-22T19:02:26+00:00,1984
qname=up.pt.,2025-11-22T19:02:40+00:00,1984
qname=up.pt.,2025-11-22T19:02:54+00:00,992
qname=up.pt.,2025-11-22T19:03:08+00:00,992
qname=up.pt.,2025-11-22T19:03:22+00:00,992
qname=up.pt.,2025-11-22T19:03:36+00:00,992
qname=up.pt.,2025-11-22T19:03:50+00:00,992
qname=up.pt.,2025-11-22T19:04:04+00:00,992
qname=up.pt.,2025-11-22T19:04:18+00:00,992
qname=up.pt.,2025-11-22T19:04:32+00:00,992
qname=up.pt.,2025-11-22T19:04:46+00:00,360
qname=up.pt.,2025-11-22T19:05:14+00:00,320
qname=up.pt.,2025-11-22T19:05:28+00:00,320
qname=up.pt.,2025-11-22T19:05:42+00:00,320
qname=up.pt.,2025-11-22T19:05:56+00:00,672
qname=up.pt.,2025-11-22T19:06:10+00:00,672
qname=up.pt.,2025-11-22T19:06:24+00:00,672
qname=up.pt.,2025-11-22T19:06:38+00:00,672
qname=up.pt.,2025-11-22T19:06:52+00:00,702
qname=up.pt.,2025-11-22T19:07:06+00:00,1664
qname=up.pt.,2025-11-22T19:07:20+00:00,1664
qname=up.pt.,2025-11-22T19:07:34+00:00,1664
qname=up.pt.,2025-11-22T19:07:48+00:00,1664
qname=up.pt.,2025-11-22T19:08:02+00:00,1664
qname=up.pt.,2025-11-22T19:08:16+00:00,1664
qname=up.pt.,2025-11-22T19:08:30+00:00,1736
qname=up.pt.,2025-11-22T19:08:44+00:00,1824
qname=up.pt.,2025-11-22T19:08:58+00:00,1868
qname=up.pt.,2025-11-22T19:09:12+00:00,1868
qname=up.pt.,2025-11-22T19:09:26+00:00,2896
qname=up.pt.,2025-11-22T19:09:40+00:00,3088
qname=up.pt.,2025-11-22T19:09:54+00:00,3088
qname=up.pt.,2025-11-22T19:10:08+00:00,2972
qname=up.pt.,2025-11-22T19:10:22+00:00,3258
qname=up.pt.,2025-11-22T19:10:36+00:00,3792
qname=up.pt.,2025-11-22T19:10:50+00:00,3500
qname=up.pt.,2025-11-22T19:11:04+00:00,3440
qname=up.pt.,2025-11-22T19:11:18+00:00,3440
qname=up.pt.,2025-11-22T19:11:32+00:00,3440
qname=up.pt.,2025-11-22T19:11:46+00:00,3440
qname=up.pt.,2025-11-22T19:12:00+00:00,2684
qname=up.pt.,2025-11-22T19:12:14+00:00,2448
qname=up.pt.,2025-11-22T19:12:28+00:00,2488
qname=up.pt.,2025-11-22T19:12:42+00:00,2488
qname=up.pt.,2025-11-22T19:12:56+00:00,2488
qname=up.pt.,2025-11-22T19:13:10+00:00,2796
qname=up.pt.,2025-11-22T19:13:24+00:00,3480
qname=up.pt.,2025-11-22T19:13:38+00:00,3320
qname=up.pt.,2025-11-22T19:13:52+00:00,3276
qname=up.pt.,2025-11-22T19:14:06+00:00,3276
qname=up.pt.,2025-11-22T19:14:20+00:00,2858
qname=up.pt.,2025-11-22T19:14:34+00:00,2056
qname=up.pt.,2025-11-22T19:14:48+00:00,2056
qname=up.pt.,2025-11-22T19:15:02+00:00,1858
qname=up.pt.,2025-11-22T19:15:16+00:00,1852
qname=up.pt.,2025-11-22T19:15:30+00:00,1080
qname=up.pt.,2025-11-22T19:15:44+00:00,1032
qname=up.pt.,2025-11-22T19:15:58+00:00,1032
qname=up.pt.,2025-11-22T19:16:12+00:00,1032
qname=up.pt.,2025-11-22T19:16:26+00:00,1032
qname=up.pt.,2025-11-22T19:16:40+00:00,1464
qname=up.pt.,2025-11-22T19:16:54+00:00,1744
qname=up.pt.,2025-11-22T19:17:08+00:00,1744
qname=up.pt.,2025-11-22T19:17:22+00:00,1704
qname=up.pt.,2025-11-22T19:17:36+00:00,1704
qname=up.pt.,2025-11-22T19:17:50+00:00,1704
qname=up.pt.,2025-11-22T19:18:04+00:00,1704
qname=up.pt.,2025-11-22T19:18:18+00:00,808
qname=up.pt.,2025-11-22T19:18:32+00:00,1704
qname=up.pt.,2025-11-22T19:18:46+00:00,1704
qname=up.pt.,2025-11-22T19:19:00+00:00,1704
qname=up.pt.,2025-11-22T19:19:14+00:00,1704
qname=up.pt.,2025-11-22T19:19:28+00:00,1704
qname=up.pt.,2025-11-22T19:19:42+00:00,2524
qname=up.pt.,2025-11-22T19:19:56+00:00,3328
qname=up.pt.,2025-11-22T19:20:10+00:00,3504
qname=up.pt.,2025-11-22T19:20:24+00:00,3504
qname=up.pt.,2025-11-22T19:20:38+00:00,3504
qname=up.pt.,2025-11-22T19:20:52+00:00,3504
qname=up.pt.,2025-11-22T19:21:06+00:00,3504
qname=up.pt.,2025-11-22T19:21:20+00:00,3504
qname=up.pt.,2025-11-22T19:21:34+00:00,3072
qname=up.pt.,2025-11-22T19:21:48+00:00,2824
qname=up.pt.,2025-11-22T19:22:02+00:00,2792
qname=up.pt.,2025-11-22T19:22:16+00:00,2792
qname=up.pt.,2025-11-22T19:22:30+00:00,2792
qname=up.pt.,2025-11-22T19:22:44+00:00,2792
qname=up.pt.,2025-11-22T19:22:58+00:00,2792
qname=up.pt.,2025-11-22T19:23:12+00:00,2792
qname=up.pt.,2025-11-22T19:23:26+00:00,2030
qname=up.pt.,2025-11-22T19:23:40+00:00,1800
qname=up.pt.,2025-11-22T19:23:54+00:00,1800
qname=up.pt.,2025-11-22T19:24:08+00:00,1800
qname=up.pt.,2025-11-22T19:24:22+00:00,1800
qname=up.pt.,2025-11-22T19:24:36+00:00,1634
qname=up.pt.,2025-11-22T19:24:50+00:00,760
qname=up.pt.,2025-11-22T19:25:04+00:00,144
qname=up.pt.,2025-11-22T19:25:18+00:00,144
qname=up.pt.,2025-11-22T19:25:32+00:00,582
qname=up.pt.,2025-11-22T19:25:46+00:00,1136
qname=up.pt.,2025-11-22T19:26:00+00:00,1136
qname=up.pt.,2025-11-22T19:26:14+00:00,1136
qname=up.pt.,2025-11-22T19:26:28+00:00,1136
qname=up.pt.,2025-11-22T19:26:42+00:00,1136
qname=up.pt.,2025-11-22T19:26:56+00:00,1136
qname=up.pt.,2025-11-22T19:27:10+00:00,1136
qname=up.pt.,2025-11-22T19:27:24+00:00,1136
qname=up.pt.,2025-11-22T19:27:38+00:00,1136
qname=up.pt.,2025-11-22T19:27:52+00:00,1136
qname=up.pt.,2025-11-22T19:28:06+00:00,1136
qname=up.pt.,2025-11-22T19:28:20+00:00,1136
qname=up.pt.,2025-11-22T19:28:34+00:00,1136
qname=up.pt.,2025-11-22T19:28:48+00:00,1136
qname=up.pt.,2025-11-22T19:29:02+00:00,1136
qname=up.pt.,2025-11-22T19:29:16+00:00,1364
qname=up.pt.,2025-11-22T19:29:30+00:00,1348
qname=up.pt.,2025-11-22T19:29:44+00:00,2212
qname=up.pt.,2025-11-22T19:29:58+00:00,2212
qname=up.pt.,2025-11-22T19:30:12+00:00,2212
qname=up.pt.,2025-11-22T19:30:26+00:00,2212
qname=up.pt.,2025-11-22T19:30:40+00:00,1220
qname=up.pt.,2025-11-22T19:30:54+00:00,1220
qname=up.pt.,2025-11-22T19:31:08+00:00,1220
qname=up.pt.,2025-11-22T19:31:22+00:00,1220
qname=up.pt.,2025-11-22T19:31:36+00:00,1220
qname=up.pt.,2025-11-22T19:31:50+00:00,1220
qname=up.pt.,2025-11-22T19:32:04+00:00,1220
qname=up.pt.,2025-11-22T19:32:18+00:00,1220
qname=up.pt.,2025-11-22T19:32:32+00:00,1572
qname=up.pt.,2025-11-22T19:32:46+00:00,1988
qname=up.pt.,2025-11-22T19:33:00+00:00,2564
qname=up.pt.,2025-11-22T19:33:14+00:00,2564
qname=up.pt.,2025-11-22T19:33:28+00:00,2564
qname=up.pt.,2025-11-22T19:33:42+00:00,2564
qname=up.pt.,2025-11-22T19:33:56+00:00,2564
qname=up.pt.,2025-11-22T19:34:10+00:00,2520
qname=up.pt.,2025-11-22T19:34:24+00:00,2336
qname=up.pt.,2025-11-22T19:34:38+00:00,1412
qname=up.pt.,2025-11-22T19:34:52+00:00,1344
qname=up.pt.,2025-11-22T19:35:06+00:00,1344
qname=utc.fr.,2025-11-22T18:54:16+00:00,224
qname=utc.fr.,2025-11-22T18:54:30+00:00,224
qname=utc.fr.,2025-11-22T18:54:44+00:00,224
qname=utc.fr.,2025-11-22T18:54:58+00:00,224
qname=utc.fr.,2025-11-22T18:55:12+00:00,224
qname=utc.fr.,2025-11-22T18:55:26+00:00,224
qname=utc.fr.,2025-11-22T18:55:40+00:00,830
qname=utc.fr.,2025-11-22T18:55:54+00:00,848
qname=utc.fr.,2025-11-22T18:56:08+00:00,848
qname=utc.fr.,2025-11-22T18:56:22+00:00,848
qname=utc.fr.,2025-11-22T18:56:36+00:00,848
qname=utc.fr.,2025-11-22T18:56:50+00:00,848
qname=utc.fr.,2025-11-22T18:57:04+00:00,848
qname=utc.fr.,2025-11-22T18:57:18+00:00,848
qname=utc.fr.,2025-11-22T18:57:32+00:00,1284
qname=utc.fr.,2025-11-22T18:57:46+00:00,1840
qname=utc.fr.,2025-11-22T18:58:00+00:00,1840
qname=utc.fr.,2025-11-22T18:58:14+00:00,1840
qname=utc.fr.,2025-11-22T18:58:28+00:00,1840
qname=utc.fr.,2025-11-22T18:58:42+00:00,1840
qname=utc.fr.,2025-11-22T18:58:56+00:00,1840
qname=utc.fr.,2025-11-22T18:59:10+00:00,1828
qname=utc.fr.,2025-11-22T18:59:24+00:00,1616
qname=utc.fr.,2025-11-22T18:59:38+00:00,1616
qname=utc.fr.,2025-11-22T18:59:52+00:00,1616
qname=utc.fr.,2025-11-22T19:00:06+00:00,2576
qname=utc.fr.,2025-11-22T19:00:20+00:00,2608
qname=utc.fr.,2025-11-22T19:00:34+00:00,2216
qname=utc.fr.,2025-11-22T19:00:48+00:00,1984
qname=utc.fr.,2025-11-22T19:01:02+00:00,2780
qname=utc.fr.,2025-11-22T19:01:16+00:00,3068
qname=utc.fr.,2025-11-22T19:01:30+00:00,3068
qname=utc.fr.,2025-11-22T19:01:44+00:00,3068
qname=utc.fr.,2025-11-22T19:01:58+00:00,3068
qname=utc.fr.,2025-11-22T19:02:12+00:00,3068
qname=utc.fr.,2025-11-22T19:02:26+00:00,3068
qname=utc.fr.,2025-11-22T19:02:40+00:00,2076
qname=utc.fr.,2025-11-22T19:02:54+00:00,2076
qname=utc.fr.,2025-11-22T19:03:08+00:00,2076
qname=utc.fr.,2025-11-22T19:03:22+00:00,2076
qname=utc.fr.,2025-11-22T19:03:36+00:00,2076
qname=utc.fr.,2025-11-22T19:03:50+00:00,2076
qname=utc.fr.,2025-11-22T19:04:04+00:00,2076
qname=utc.fr.,2025-11-22T19:04:18+00:00,2076
qname=utc.fr.,2025-11-22T19:04:32+00:00,2076
qname=utc.fr.,2025-11-22T19:04:46+00:00,2076
qname=utc.fr.,2025-11-22T19:05:00+00:00,1580
qname=utc.fr.,2025-11-22T19:05:14+00:00,1084
qname=utc.fr.,2025-11-22T19:05:28+00:00,1204
qname=utc.fr.,2025-11-22T19:05:42+00:00,1420
qname=utc.fr.,2025-11-22T19:05:56+00:00,1060
qname=utc.fr.,2025-11-22T19:06:10+00:00,336
qname=utc.fr.,2025-11-22T19:06:24+00:00,336
qname=utc.fr.,2025-11-22T19:06:38+00:00,336
qname=utc.fr.,2025-11-22T19:06:52+00:00,336
qname=utc.fr.,2025-11-22T19:07:06+00:00,336
qname=utc.fr.,2025-11-22T19:07:20+00:00,336
qname=utc.fr.,2025-11-22T19:07:34+00:00,336
qname=utc.fr.,2025-11-22T19:07:48+00:00,336
qname=utc.fr.,2025-11-22T19:08:02+00:00,336
qname=utc.fr.,2025-11-22T19:08:16+00:00,336
qname=utc.fr.,2025-11-22T19:08:30+00:00,336
qname=utc.fr.,2025-11-22T19:08:44+00:00,336
qname=utc.fr.,2025-11-22T19:08:58+00:00,336
qname=utc.fr.,2025-11-22T19:09:12+00:00,336
qname=utc.fr.,2025-11-22T19:09:26+00:00,336
qname=utc.fr.,2025-11-22T19:09:40+00:00,336
qname=utc.fr.,2025-11-22T19:09:54+00:00,520
qname=utc.fr.,2025-11-22T19:10:08+00:00,520
qname=utc.fr.,2025-11-22T19:10:22+00:00,400
qname=utc.fr.,2025-11-22T19:10:36+00:00,184
qname=utc.fr.,2025-11-22T19:10:50+00:00,184
qname=utc.fr.,2025-11-22T19:11:04+00:00,184
qname=utc.fr.,2025-11-22T19:11:18+00:00,184
qname=utc.fr.,2025-11-22T19:11:32+00:00,184
qname=utc.fr.,2025-11-22T19:11:46+00:00,184
qname=utc.fr.,2025-11-22T19:12:00+00:00,184
qname=utc.fr.,2025-11-22T19:12:14+00:00,320
qname=utc.fr.,2025-11-22T19:12:28+00:00,320
qname=utc.fr.,2025-11-22T19:12:42+00:00,320
qname=utc.fr.,2025-11-22T19:12:56+00:00,320
qname=utc.fr.,2025-11-22T19:13:10+00:00,320
qname=utc.fr.,2025-11-22T19:13:24+00:00,320
qname=utc.fr.,2025-11-22T19:13:38+00:00,320
qname=utc.fr.,2025-11-22T19:13:52+00:00,320
qname=utc.fr.,2025-11-22T19:14:06+00:00,320
qname=utc.fr.,2025-11-22T19:14:20+00:00,320
qname=utc.fr.,2025-11-22T19:14:34+00:00,320
qname=utc.fr.,2025-11-22T19:14:48+00:00,136
qname=utc.fr.,2025-11-22T19:15:02+00:00,1128
qname=utc.fr.,2025-11-22T19:15:16+00:00,1128
qname=utc.fr.,2025-11-22T19:15:30+00:00,1128
qname=utc.fr.,2025-11-22T19:15:44+00:00,1128
qname=utc.fr.,2025-11-22T19:15:58+00:00,1128
qname=utc.fr.,2025-11-22T19:16:12+00:00,1128
qname=utc.fr.,2025-11-22T19:16:26+00:00,1793
qname=utc.fr.,2025-11-22T19:16:40+00:00,2120
qname=utc.fr.,2025-11-22T19:16:54+00:00,2120
qname=utc.fr.,2025-11-22T19:17:08+00:00,1984
qname=utc.fr.,2025-11-22T19:17:22+00:00,1984
qname=utc.fr.,2025-11-22T19:17:36+00:00,1984
qname=utc.fr.,2025-11-22T19:17:50+00:00,1984
qname=utc.fr.,2025-11-22T19:18:04+00:00,1984
qname=utc.fr.,2025-11-22T19:18:18+00:00,1984
qname=utc.fr.,2025-11-22T19:18:32+00:00,1984
qname=utc.fr.,2025-11-22T19:18:46+00:00,1984
qname=utc.fr.,2025-11-22T19:19:00+00:00,1984
qname=utc.fr.,2025-11-22T19:19:14+00:00,1984
qname=utc.fr.,2025-11-22T19:19:28+00:00,1984
qname=utc.fr.,2025-11-22T19:19:42+00:00,1984
qname=utc.fr.,2025-11-22T19:19:56+00:00,1396
qname=utc.fr.,2025-11-22T19:20:10+00:00,1620
qname=utc.fr.,2025-11-22T19:20:24+00:00,1984
qname=utc.fr.,2025-11-22T19:20:38+00:00,1984
qname=utc.fr.,2025-11-22T19:20:52+00:00,1984
qname=utc.fr.,2025-11-22T19:21:06+00:00,1984
qname=utc.fr.,2025-11-22T19:21:20+00:00,1936
qname=utc.fr.,2025-11-22T19:21:34+00:00,992
qname=utc.fr.,2025-11-22T19:21:48+00:00,992
qname=utc.fr.,2025-11-22T19:22:02+00:00,992
qname=utc.fr.,2025-11-22T19:22:16+00:00,1132
qname=utc.fr.,2025-11-22T19:22:30+00:00,1984
qname=utc.fr.,2025-11-22T19:22:44+00:00,1984
qname=utc.fr.,2025-11-22T19:22:58+00:00,1984
qname=utc.fr.,2025-11-22T19:23:12+00:00,1984
qname=utc.fr.,2025-11-22T19:23:26+00:00,1984
qname=utc.fr.,2025-11-22T19:23:40+00:00,1984
qname=utc.fr.,2025-11-22T19:23:54+00:00,1984
qname=utc.fr.,2025-11-22T19:24:08+00:00,1984
qname=utc.fr.,2025-11-22T19:24:22+00:00,1984
qname=utc.fr.,2025-11-22T19:24:36+00:00,1984
qname=utc.fr.,2025-11-22T19:24:50+00:00,1984
qname=utc.fr.,2025-11-22T19:25:04+00:00,1860
qname=utc.fr.,2025-11-22T19:25:18+00:00,992
qname=utc.fr.,2025-11-22T19:25:32+00:00,992
qname=utc.fr.,2025-11-22T19:25:46+00:00,992
qname=utc.fr.,2025-11-22T19:26:00+00:00,992
qname=utc.fr.,2025-11-22T19:26:14+00:00,992
qname=utc.fr.,2025-11-22T19:26:28+00:00,992
qname=utc.fr.,2025-11-22T19:26:42+00:00,992
qname=utc.fr.,2025-11-22T19:26:56+00:00,1984
qname=utc.fr.,2025-11-22T19:27:10+00:00,1984
qname=utc.fr.,2025-11-22T19:27:24+00:00,1080
qname=utc.fr.,2025-11-22T19:27:38+00:00,1904
qname=utc.fr.,2025-11-22T19:27:52+00:00,1984
qname=utc.fr.,2025-11-22T19:28:06+00:00,1984
qname=utc.fr.,2025-11-22T19:28:20+00:00,1984
qname=utc.fr.,2025-11-22T19:28:34+00:00,1984
qname=utc.fr.,2025-11-22T19:28:48+00:00,1984
qname=utc.fr.,2025-11-22T19:29:02+00:00,1984
qname=utc.fr.,2025-11-22T19:29:16+00:00,1984
qname=utc.fr.,2025-11-22T19:29:30+00:00,1984
qname=utc.fr.,2025-11-22T19:29:44+00:00,1984
qname=utc.fr.,2025-11-22T19:29:58+00:00,1984
qname=utc.fr.,2025-11-22T19:30:12+00:00,1984
qname=utc.fr.,2025-11-22T19:30:26+00:00,2976
qname=utc.fr.,2025-11-22T19:30:40+00:00,2976
qname=utc.fr.,2025-11-22T19:30:54+00:00,2976
qname=utc.fr.,2025-11-22T19:31:08+00:00,2976
qname=utc.fr.,2025-11-22T19:31:22+00:00,2976
qname=utc.fr.,2025-11-22T19:31:36+00:00,2976
qname=utc.fr.,2025-11-22T19:31:50+00:00,2220
qname=utc.fr.,2025-11-22T19:32:04+00:00,1984
qname=utc.fr.,2025-11-22T19:32:18+00:00,1984
qname=utc.fr.,2025-11-22T19:32:32+00:00,1616
qname=utc.fr.,2025-11-22T19:32:46+00:00,992
qname=utc.fr.,2025-11-22T19:33:00+00:00,992
qname=utc.fr.,2025-11-22T19:33:14+00:00,992
qname=utc.fr.,2025-11-22T19:33:28+00:00,992
qname=utc.fr.,2025-11-22T19:33:42+00:00,992
qname=utc.fr.,2025-11-22T19:33:56+00:00,992
qname=utc.fr.,2025-11-22T19:34:10+00:00,992
qname=utc.fr.,2025-11-22T19:34:24+00:00,1052
qname=utc.fr.,2025-11-22T19:34:38+00:00,1128
qname=utc.fr.,2025-11-22T19:34:52+00:00,1128
qname=utc.fr.,2025-11-22T19:35:06+00:00,1128
qname=wzb.eu.,2025-11-22T18:53:06+00:00,626
qname=wzb.eu.,2025-11-22T18:53:20+00:00,992
qname=wzb.eu.,2025-11-22T18:53:34+00:00,992
qname=wzb.eu.,2025-11-22T18:53:48+00:00,992
qname=wzb.eu.,2025-11-22T18:54:02+00:00,992
qname=wzb.eu.,2025-11-22T18:54:16+00:00,992
qname=wzb.eu.,2025-11-22T18:54:30+00:00,992
qname=wzb.eu.,2025-11-22T18:54:44+00:00,992
qname=wzb.eu.,2025-11-22T18:54:58+00:00,992
qname=wzb.eu.,2025-11-22T18:55:12+00:00,992
qname=wzb.eu.,2025-11-22T18:55:26+00:00,992
qname=wzb.eu.,2025-11-22T18:55:40+00:00,992
qname=wzb.eu.,2025-11-22T18:55:54+00:00,992
qname=wzb.eu.,2025-11-22T18:56:08+00:00,992
qname=wzb.eu.,2025-11-22T18:56:22+00:00,1008
qname=wzb.eu.,2025-11-22T18:56:36+00:00,1212
qname=wzb.eu.,2025-11-22T18:56:50+00:00,1292
qname=wzb.eu.,2025-11-22T18:57:04+00:00,1292
qname=wzb.eu.,2025-11-22T18:57:18+00:00,1292
qname=wzb.eu.,2025-11-22T18:57:32+00:00,1584
qname=wzb.eu.,2025-11-22T18:57:46+00:00,1584
qname=wzb.eu.,2025-11-22T18:58:00+00:00,1502
qname=wzb.eu.,2025-11-22T18:58:14+00:00,592
qname=wzb.eu.,2025-11-22T18:58:28+00:00,592
qname=wzb.eu.,2025-11-22T18:58:42+00:00,592
qname=wzb.eu.,2025-11-22T18:58:56+00:00,592
qname=wzb.eu.,2025-11-22T18:59:10+00:00,592
qname=wzb.eu.,2025-11-22T18:59:24+00:00,592
qname=wzb.eu.,2025-11-22T18:59:38+00:00,592
qname=wzb.eu.,2025-11-22T18:59:52+00:00,592
qname=wzb.eu.,2025-11-22T19:00:06+00:00,672
qname=wzb.eu.,2025-11-22T19:00:20+00:00,1716
qname=wzb.eu.,2025-11-22T19:00:34+00:00,1840
qname=wzb.eu.,2025-11-22T19:00:48+00:00,1840
qname=wzb.eu.,2025-11-22T19:01:02+00:00,1840
qname=wzb.eu.,2025-11-22T19:01:16+00:00,1840
qname=wzb.eu.,2025-11-22T19:01:30+00:00,1620
qname=wzb.eu.,2025-11-22T19:01:44+00:00,1540
qname=wzb.eu.,2025-11-22T19:01:58+00:00,1540
qname=wzb.eu.,2025-11-22T19:02:12+00:00,1540
qname=wzb.eu.,2025-11-22T19:02:26+00:00,1248
qname=wzb.eu.,2025-11-22T19:02:40+00:00,1248
qname=wzb.eu.,2025-11-22T19:02:54+00:00,1248
qname=wzb.eu.,2025-11-22T19:03:08+00:00,1250
qname=wzb.eu.,2025-11-22T19:03:22+00:00,1250
qname=wzb.eu.,2025-11-22T19:03:36+00:00,1250
qname=wzb.eu.,2025-11-22T19:03:50+00:00,1250
qname=wzb.eu.,2025-11-22T19:04:04+00:00,1250
qname=wzb.eu.,2025-11-22T19:04:18+00:00,1250
qname=wzb.eu.,2025-11-22T19:04:32+00:00,1250
qname=wzb.eu.,2025-11-22T19:04:46+00:00,1250
qname=wzb.eu.,2025-11-22T19:05:00+00:00,1250
qname=wzb.eu.,2025-11-22T19:05:14+00:00,626
qname=wzb.eu.,2025-11-22T19:05:28+00:00,2
qname=wzb.eu.,2025-11-22T19:05:42+00:00,2
qname=wzb.eu.,2025-11-22T19:05:56+00:00,308
qname=wzb.eu.,2025-11-22T19:06:10+00:00,790
qname=wzb.eu.,2025-11-22T19:06:24+00:00,790
qname=wzb.eu.,2025-11-22T19:06:38+00:00,790
qname=wzb.eu.,2025-11-22T19:06:52+00:00,790
qname=wzb.eu.,2025-11-22T19:07:06+00:00,790
qname=wzb.eu.,2025-11-22T19:07:20+00:00,790
qname=wzb.eu.,2025-11-22T19:07:34+00:00,790
qname=wzb.eu.,2025-11-22T19:07:48+00:00,790
qname=wzb.eu.,2025-11-22T19:08:02+00:00,790
qname=wzb.eu.,2025-11-22T19:08:16+00:00,788
qname=wzb.eu.,2025-11-22T19:08:30+00:00,788
qname=wzb.eu.,2025-11-22T19:08:44+00:00,788
qname=wzb.eu.,2025-11-22T19:08:58+00:00,800
qname=wzb.eu.,2025-11-22T19:09:12+00:00,1132
qname=wzb.eu.,2025-11-22T19:09:26+00:00,1132
qname=wzb.eu.,2025-11-22T19:09:40+00:00,1132
qname=wzb.eu.,2025-11-22T19:09:54+00:00,1132
qname=wzb.eu.,2025-11-22T19:10:08+00:00,1132
qname=wzb.eu.,2025-11-22T19:10:22+00:00,1132
qname=wzb.eu.,2025-11-22T19:10:36+00:00,1132
qname=wzb.eu.,2025-11-22T19:10:50+00:00,1132
qname=wzb.eu.,2025-11-22T19:11:04+00:00,376
qname=wzb.eu.,2025-11-22T19:11:18+00:00,344
qname=wzb.eu.,2025-11-22T19:11:32+00:00,376
qname=wzb.eu.,2025-11-22T19:11:46+00:00,548
qname=wzb.eu.,2025-11-22T19:12:00+00:00,548
qname=wzb.eu.,2025-11-22T19:12:14+00:00,548
qname=wzb.eu.,2025-11-22T19:12:28+00:00,548
qname=wzb.eu.,2025-11-22T19:12:42+00:00,904
qname=wzb.eu.,2025-11-22T19:12:56+00:00,904
qname=wzb.eu.,2025-11-22T19:13:10+00:00,904
qname=wzb.eu.,2025-11-22T19:13:24+00:00,904
qname=wzb.eu.,2025-11-22T19:13:38+00:00,904
qname=wzb.eu.,2025-11-22T19:13:52+00:00,906
qname=wzb.eu.,2025-11-22T19:14:06+00:00,562
qname=wzb.eu.,2025-11-22T19:14:20+00:00,562
qname=wzb.eu.,2025-11-22T19:14:34+00:00,562
qname=wzb.eu.,2025-11-22T19:14:48+00:00,562
qname=wzb.eu.,2025-11-22T19:15:02+00:00,562
qname=wzb.eu.,2025-11-22T19:15:16+00:00,562
qname=wzb.eu.,2025-11-22T19:15:30+00:00,562
qname=wzb.eu.,2025-11-22T19:15:44+00:00,562
qname=wzb.eu.,2025-11-22T19:15:58+00:00,562
qname=wzb.eu.,2025-11-22T19:16:12+00:00,562
qname=wzb.eu.,2025-11-22T19:16:26+00:00,562
qname=wzb.eu.,2025-11-22T19:16:40+00:00,358
qname=wzb.eu.,2025-11-22T19:16:54+00:00,358
qname=wzb.eu.,2025-11-22T19:17:08+00:00,358
qname=wzb.eu.,2025-11-22T19:17:22+00:00,358
qname=wzb.eu.,2025-11-22T19:17:36+00:00,2
qname=wzb.eu.,2025-11-22T19:17:50+00:00,2
qname=wzb.eu.,2025-11-22T19:18:04+00:00,2
qname=wzb.eu.,2025-11-22T19:18:18+00:00,2
qname=wzb.eu.,2025-11-22T19:18:32+00:00,2
qname=wzb.eu.,2025-11-22T19:18:46+00:00,2
qname=wzb.eu.,2025-11-22T19:19:00+00:00,94
qname=wzb.eu.,2025-11-22T19:19:14+00:00,188
qname=wzb.eu.,2025-11-22T19:19:28+00:00,274
qname=wzb.eu.,2025-11-22T19:19:42+00:00,560
qname=wzb.eu.,2025-11-22T19:19:56+00:00,560
qname=wzb.eu.,2025-11-22T19:20:10+00:00,560
qname=wzb.eu.,2025-11-22T19:20:24+00:00,560
qname=wzb.eu.,2025-11-22T19:20:38+00:00,560
qname=wzb.eu.,2025-11-22T19:20:52+00:00,560
qname=wzb.eu.,2025-11-22T19:21:06+00:00,560
qname=wzb.eu.,2025-11-22T19:21:20+00:00,560
qname=wzb.eu.,2025-11-22T19:21:34+00:00,560
qname=wzb.eu.,2025-11-22T19:21:48+00:00,560
qname=wzb.eu.,2025-11-22T19:22:02+00:00,560
qname=wzb.eu.,2025-11-22T19:22:16+00:00,560
qname=wzb.eu.,2025-11-22T19:22:30+00:00,560
qname=wzb.eu.,2025-11-22T19:22:44+00:00,688
qname=wzb.eu.,2025-11-22T19:22:58+00:00,688
qname=wzb.eu.,2025-11-22T19:23:12+00:00,688
qname=wzb.eu.,2025-11-22T19:23:26+00:00,740
qname=wzb.eu.,2025-11-22T19:23:40+00:00,920
qname=wzb.eu.,2025-11-22T19:23:54+00:00,920
qname=wzb.eu.,2025-11-22T19:24:08+00:00,732
qname=wzb.eu.,2025-11-22T19:24:22+00:00,732
qname=wzb.eu.,2025-11-22T19:24:36+00:00,360
qname=wzb.eu.,2025-11-22T19:24:50+00:00,360
qname=wzb.eu.,2025-11-22T19:25:04+00:00,360
qname=wzb.eu.,2025-11-22T19:25:18+00:00,360
qname=wzb.eu.,2025-11-22T19:25:32+00:00,360
qname=wzb.eu.,2025-11-22T19:25:46+00:00,360
qname=wzb.eu.,2025-11-22T19:26:00+00:00,360
qname=wzb.eu.,2025-11-22T19:26:14+00:00,360
qname=wzb.eu.,2025-11-22T19:26:28+00:00,360
qname=wzb.eu.,2025-11-22T19:26:42+00:00,360
qname=wzb.eu.,2025-11-22T19:26:56+00:00,360
qname=wzb.eu.,2025-11-22T19:27:10+00:00,360
qname=wzb.eu.,2025-11-22T19:27:24+00:00,1296
qname=wzb.eu.,2025-11-22T19:27:38+00:00,1352
qname=wzb.eu.,2025-11-22T19:27:52+00:00,1224
qname=wzb.eu.,2025-11-22T19:28:06+00:00,1224
qname=wzb.eu.,2025-11-22T19:28:20+00:00,1224
qname=wzb.eu.,2025-11-22T19:28:34+00:00,992
qname=wzb.eu.,2025-11-22T19:28:48+00:00,992
qname=wzb.eu.,2025-11-22T19:29:02+00:00,1076
qname=wzb.eu.,2025-11-22T19:29:16+00:00,1076
qname=wzb.eu.,2025-11-22T19:29:30+00:00,1076
qname=wzb.eu.,2025-11-22T19:29:44+00:00,1108
qname=wzb.eu.,2025-11-22T19:29:58+00:00,2068
qname=wzb.eu.,2025-11-22T19:30:12+00:00,2068
qname=wzb.eu.,2025-11-22T19:30:26+00:00,2068
qname=wzb.eu.,2025-11-22T19:30:40+00:00,2068
qname=wzb.eu.,2025-11-22T19:30:54+00:00,2068
qname=wzb.eu.,2025-11-22T19:31:08+00:00,2068
qname=wzb.eu.,2025-11-22T19:31:22+00:00,2068
qname=wzb.eu.,2025-11-22T19:31:36+00:00,2068
qname=wzb.eu.,2025-11-22T19:31:50+00:00,2068
qname=wzb.eu.,2025-11-22T19:32:04+00:00,2068
qname=wzb.eu.,2025-11-22T19:32:18+00:00,2252
qname=wzb.eu.,2025-11-22T19:32:32+00:00,2068
qname=wzb.eu.,2025-11-22T19:32:46+00:00,2068
qname=wzb.eu.,2025-11-22T19:33:00+00:00,2356
qname=wzb.eu.,2025-11-22T19:33:14+00:00,2356
qname=wzb.eu.,2025-11-22T19:33:28+00:00,2692
qname=wzb.eu.,2025-11-22T19:33:42+00:00,2692
qname=wzb.eu.,2025-11-22T19:33:56+00:00,2668
qname=wzb.eu.,2025-11-22T19:34:10+00:00,2608
qname=wzb.eu.,2025-11-22T19:34:24+00:00,2608
qname=wzb.eu.,2025-11-22T19:34:38+00:00,2608
qname=wzb.eu.,2025-11-22T19:34:52+00:00,1808
qname=wzb.eu.,2025-11-22T19:35:06+00:00,1616
